folder	path	size_bytes	modtime
01-ASK Academy	01-Fast Track/07-Build Your Business Fast Track.mp4	422849976	2021-02-05T16:01:09.111Z
01-ASK Academy	01-Fast Track/12-The 3 Stories You Must Tell In Your Marketing.mp4	1280791172	2021-02-05T16:01:09.110Z
01-ASK Academy	01-Fast Track/11-The Facebook LIVE Formula.mp4	1592803304	2021-02-05T16:00:14.840Z
01-ASK Academy	01-Fast Track/02-ASK + Copywriting.mp4	1956742540	2021-02-05T15:59:37.230Z
01-ASK Academy	01-Fast Track/08-List Building Fast Track.mp4	1183112576	2021-02-05T15:59:05.995Z
01-ASK Academy	01-Fast Track/09-Recurring Revenue Fast Track.mp4	1210653636	2021-02-05T15:58:45.802Z
01-ASK Academy	01-Fast Track/05-Flash Cash Fast Track.mp4	1457894692	2021-02-05T15:56:54.902Z
01-ASK Academy	01-Fast Track/04-Choose Your Market Fast Track.mp4	1540043172	2021-02-05T15:55:53.005Z
01-ASK Academy	01-Fast Track/03-Webinar Fast Track.mp4	1477639392	2021-02-05T15:54:57.453Z
01-ASK Academy	01-Fast Track/05-01_30_2019_04_36_44_4-4-Day-FLASH-Cash-Resource.pdf	43613	2021-02-05T15:45:53.829Z
01-ASK Academy	01-Fast Track/09-04_23_2019_04_13_09_Recurring-Revenue-Model.pdf	44112	2021-02-05T15:45:51.254Z
01-ASK Academy	01-Fast Track/05-01_30_2019_04_36_11_1-The-4-Buyer-Types-Resource.pdf	44589	2021-02-05T15:45:47.522Z
01-ASK Academy	01-Fast Track/10-05_14_2019_09_53_20_First-Affiliate---Potential-Partners-Worksheet.pdf	44749	2021-02-05T15:45:46.135Z
01-ASK Academy	01-Fast Track/04-01_30_2019_04_31_47_CYM-Fast-Track-Resource---Overview-of-Journey.pdf	48074	2021-02-05T15:45:42.835Z
01-ASK Academy	01-Fast Track/12-07_16_2019_06_20_14_Story-Framework.pdf	51322	2021-02-05T15:45:37.326Z
01-ASK Academy	01-Fast Track/10-05_14_2019_09_52_47_First-Affiliate-Journey-Map.pdf	52503	2021-02-05T15:45:36.517Z
01-ASK Academy	01-Fast Track/03-01_30_2019_04_33_16_Webinar-Fast-Track-Resource---9-Part-Webinar-Framework.pdf	52647	2021-02-05T15:45:32.285Z
01-ASK Academy	01-Fast Track/04-01_30_2019_04_32_15_CYM-Fast-Track-Worksheet---Entrepreneur-Type.pdf	53189	2021-02-05T15:45:31.782Z
01-ASK Academy	01-Fast Track/08-03_06_2019_06_40_08_List-Building-Bullet-Framework-Worksheet.pdf	54104	2021-02-05T15:45:31.296Z
01-ASK Academy	01-Fast Track/12-07_16_2019_06_19_47_The-3-Stories-You-Must-Tell-In-Your-Marketing.pdf	57741	2021-02-05T15:45:30.702Z
01-ASK Academy	01-Fast Track/08-03_06_2019_06_39_36_List-Building-Fast-Track-Journey.pdf	58034	2021-02-05T15:45:30.129Z
01-ASK Academy	01-Fast Track/03-01_30_2019_04_33_25_Webinar-Fast-Track-Resource---Webinar-Funnel-Journey.pdf	59077	2021-02-05T15:45:27.257Z
01-ASK Academy	01-Fast Track/05-01_30_2019_04_37_00_5-Your-Ultimate-Bundle-Worksheet.pdf	59303	2021-02-05T15:45:24.356Z
01-ASK Academy	01-Fast Track/11-06_17_2019_12_56_46_X-Y-Z-Framework-Worksheet.pdf	59844	2021-02-05T15:45:23.746Z
01-ASK Academy	01-Fast Track/02-08_12_2019_03_33_00_Bullet-Copy-Construction.pdf	60398	2021-02-05T15:45:23.193Z
01-ASK Academy	01-Fast Track/05-01_30_2019_04_36_32_3-What-To-Do-If-You-Don’t-Have-Client-Stories.pdf	68267	2021-02-05T15:45:22.562Z
01-ASK Academy	01-Fast Track/07-02_04_2019_01_17_47_Build-Framework-Model.pdf	68846	2021-02-05T15:45:21.751Z
01-ASK Academy	01-Fast Track/09-04_23_2019_04_12_37_Recurring-Revenue-Checklist.pdf	72977	2021-02-05T15:45:17.844Z
01-ASK Academy	01-Fast Track/05-01_30_2019_04_36_22_2-Introduction-To-The-9-Buyer-Triggers-Checklist.pdf	76405	2021-02-05T15:45:13.457Z
01-ASK Academy	01-Fast Track/03-01_30_2019_04_33_05_Webinar-Fast-Track-Resource---9-Part-Webinar-Checklist.pdf	76888	2021-02-05T15:45:10.725Z
01-ASK Academy	01-Fast Track/04-01_30_2019_04_32_06_CYM-Fast-Track-Worksheet---Choose-Checklist.pdf	79321	2021-02-05T15:45:09.976Z
01-ASK Academy	01-Fast Track/03-01_30_2019_04_32_51_Webinar-ASK-Single-Most-Important-Thing.pdf	89875	2021-02-05T15:45:03.831Z
01-ASK Academy	01-Fast Track/04-01_30_2019_04_31_56_CYM-Fast-Track-Worksheet---5-Market-Must-Haves.pdf	97204	2021-02-05T15:45:03.349Z
01-ASK Academy	01-Fast Track/10-05_14_2019_09_53_39_Solo-Email-Template.pdf	98980	2021-02-05T15:45:02.730Z
01-ASK Academy	01-Fast Track/01-09_03_2019_12_09_07_Worksheet-Your-High-Ticket-Offer.pdf	100928	2021-02-05T15:45:01.002Z
01-ASK Academy	01-Fast Track/02-08_12_2019_03_33_24_The-Bullet-Magic-Trick.pdf	104154	2021-02-05T15:44:59.513Z
01-ASK Academy	01-Fast Track/06-01_30_2019_04_34_35_Your-Do-Different-Debrief-Template.pdf	118792	2021-02-05T15:44:56.813Z
01-ASK Academy	01-Fast Track/06- The ASK Academy - ask.academy.pdf	124392	2021-02-05T15:44:56.324Z
01-ASK Academy	01-Fast Track/01-09_03_2019_12_08_48_Resource-Creating-Your-High-Ticket-Offer.pdf	134297	2021-02-05T15:44:55.713Z
01-ASK Academy	01-Fast Track/06-01_30_2019_04_34_44_RICE-Formula-Template.xlsx	148597	2021-02-05T15:44:54.973Z
01-ASK Academy	01-Fast Track/06-01_30_2019_04_34_14_2018-Lessons-Learned-Transcript.pdf	153784	2021-02-05T15:44:54.377Z
01-ASK Academy	01-Fast Track/05- The ASK Academy - ask.academy.pdf	176430	2021-02-05T15:44:52.766Z
01-ASK Academy	01-Fast Track/04-The ASK Academy - ask.academy.pdf	177365	2021-02-05T15:44:52.288Z
01-ASK Academy	01-Fast Track/07-The ASK Academy - ask.academy.pdf	220953	2021-02-05T15:44:51.704Z
01-ASK Academy	01-Fast Track/03-The ASK Academy - ask.academy.pdf	226869	2021-02-05T15:44:48.835Z
01-ASK Academy	01-Fast Track/01-The ASK Academy - ask.academy.pdf	235906	2021-02-05T15:44:45.129Z
01-ASK Academy	01-Fast Track/09- The ASK Academy - ask.academy.pdf	236427	2021-02-05T15:44:42.491Z
01-ASK Academy	01-Fast Track/11-The ASK Academy - ask.academy.pdf	242429	2021-02-05T15:44:42.377Z
01-ASK Academy	01-Fast Track/08-The ASK Academy - ask.academy.pdf	243763	2021-02-05T15:44:39.572Z
01-ASK Academy	01-Fast Track/10-How To Get Your First Affiliate Fast Track.mp4	542735696	2021-02-05T15:42:23.430Z
01-ASK Academy	01-Fast Track/06-Lessons Learned 2018 Fast Track.mp4	265234348	2021-02-05T15:04:33.432Z
01-ASK Academy	01-Fast Track/10- The ASK Academy - ask.academy.pdf	250799	2021-02-05T03:36:19.758Z
01-ASK Academy	01-Fast Track/12- The ASK Academy - ask.academy.pdf	266334	2021-02-05T03:36:17.293Z
01-ASK Academy	01-Fast Track/02-The ASK Academy - ask.academy.pdf	319198	2021-02-05T03:36:10.136Z
01-ASK Academy	01-Fast Track/06-01_30_2019_04_34_24_The-Tao-of-LEGO.pdf	362763	2021-02-05T03:36:07.680Z
01-ASK Academy	01-Fast Track/11-06_17_2019_05_43_02_I-STAT-Framework.pdf	585196	2021-02-05T03:36:04.456Z
01-ASK Academy	01-Fast Track/08-03_06_2019_06_39_53_Funnel-Matrix-Model.pdf	743260	2021-02-05T03:35:58.503Z
01-ASK Academy	01-Fast Track/07-02_04_2019_01_18_11_Build-Framework-Worksheet.pdf	2011925	2021-02-05T03:35:53.021Z
01-ASK Academy	02-Laser Trainings/52-04_16_2019_10_28_33_ASK-Academy---Ask---John-Zentmeyer.txt	5307	2026-01-21T00:57:18.487Z
01-ASK Academy	02-Laser Trainings/51-How Do You Choose the Right Direction When Starting a New Business.txt	6226	2026-01-21T00:55:11.903Z
01-ASK Academy	02-Laser Trainings/51-04_09_2019_10_45_12_ASK-Academy---Choose---Patty-Maltese.txt	6223	2026-01-21T00:52:35.239Z
01-ASK Academy	02-Laser Trainings/50-How Do You Build an Audience in a Narrow Niche.txt	6426	2026-01-21T00:50:05.130Z
01-ASK Academy	02-Laser Trainings/50-04_02_2019_09_24_38_ASK-Academy---Reach---Nelda-Alexander.txt	6398	2026-01-21T00:47:26.894Z
01-ASK Academy	02-Laser Trainings/49-Where Do You Begin When You're Just Getting Started.txt	8080	2026-01-21T00:44:52.141Z
01-ASK Academy	02-Laser Trainings/49-03_26_2019_07_59_38_ASK-Academy---Build---Dr-Linda-Abuaber-Ammari.txt	8057	2026-01-21T00:41:19.735Z
01-ASK Academy	02-Laser Trainings/48-How Do You Use Your Deep Dive Survey to Get 'Unstuck.txt	6062	2026-01-21T00:37:52.387Z
01-ASK Academy	02-Laser Trainings/48-03_12_2019_05_52_48_ASK-Academy---Ask---Josh.txt	6038	2026-01-21T00:35:22.834Z
01-ASK Academy	02-Laser Trainings/47-How Do You Narrow Your Niche.txt	5771	2026-01-21T00:32:57.255Z
01-ASK Academy	02-Laser Trainings/47-03_04_2019_05_28_42_ASK-Academy---Choose---Douglas-Campbell.txt	5738	2026-01-21T00:30:26.968Z
01-ASK Academy	02-Laser Trainings/46-02_26_2019_10_14_08_ASK-Academy---Reach---Steve-Simons.txt	7019	2026-01-21T00:27:55.489Z
01-ASK Academy	02-Laser Trainings/45-How Do You Move Someone from a Free Offer to a Paid One.txt	10442	2026-01-21T00:25:00.294Z
01-ASK Academy	02-Laser Trainings/45-02_19_2019_10_09_00_ASK-Academy---Build---Brian-Dixon.txt	10444	2026-01-21T00:20:31.249Z
01-ASK Academy	02-Laser Trainings/44-How Do You Come Up with a Compelling Name for Your Product.txt	8417	2026-01-21T00:16:17.000Z
01-ASK Academy	02-Laser Trainings/43-How Do You Nurture and Convert Leads Who Don't Buy Right Away.txt	8366	2026-01-21T00:12:46.262Z
01-ASK Academy	02-Laser Trainings/43-02_12_2019_11_00_10_ASK-Academy---Tell---Morgan-Gist-McDonald.txt	8348	2026-01-21T00:09:17.109Z
01-ASK Academy	02-Laser Trainings/42-6 minHow Do You Do Your Deep Dive Survey When Selling More Than One Product.txt	5245	2026-01-21T00:05:46.850Z
01-ASK Academy	02-Laser Trainings/42-02_05_2019_09_13_45_ASK-Academy---Ask---Chris-Caldwell.txt	5239	2026-01-21T00:03:27.443Z
01-ASK Academy	02-Laser Trainings/41-cHow Do You Help Your Customers Transition from Overwhelm to Results.txt	7710	2026-01-21T00:01:08.905Z
01-ASK Academy	02-Laser Trainings/41-01_30_2019_03_50_33_ASK-Academy---Choose---Roy-Varmer.txt	7724	2026-01-20T23:58:02.449Z
01-ASK Academy	02-Laser Trainings/40-How Do You Reach More of Your Target Market Online.txt	5295	2026-01-20T23:55:00.286Z
01-ASK Academy	02-Laser Trainings/40-01_30_2019_04_20_44_ASK-Academy---Reach---Opal-Sewell-Brown.txt	5291	2026-01-20T23:52:43.850Z
01-ASK Academy	02-Laser Trainings/39-How Do You Scale Your Company and Products to the Next Level.txt	4979	2026-01-20T23:50:32.464Z
01-ASK Academy	02-Laser Trainings/39-01_30_2019_04_29_23_ASK-Academy---Reach---Beryl-Young.txt	5130	2026-01-20T23:48:21.469Z
01-ASK Academy	02-Laser Trainings/38-Is a Positive or Negative Angle Best When Creating Your Lead Magnet.txt	5288	2026-01-20T23:46:15.550Z
01-ASK Academy	02-Laser Trainings/38-01_30_2019_03_52_28_ASK-Academy---Tell---Erica-Ash.txt	5262	2026-01-20T23:43:49.760Z
01-ASK Academy	02-Laser Trainings/37-How Do You Understand the Demographics in Your Market.txt	3833	2026-01-20T23:41:29.214Z
01-ASK Academy	02-Laser Trainings/37-01_30_2019_03_31_43_ASK-Academy---Ask---Shereese-Alexander-2.txt	3848	2026-01-20T23:39:50.569Z
01-ASK Academy	02-Laser Trainings/36-How Do You Achieve Balance as an Entrepreneur.txt	14660	2026-01-20T23:38:12.812Z
01-ASK Academy	02-Laser Trainings/36-01_30_2019_03_13_44_ASK-Academy---Choose---Jason-Abraham.txt	14472	2026-01-20T23:31:48.616Z
01-ASK Academy	02-Laser Trainings/35-How Do You Use Your ASK Method® Segmentation Funnel to Build Your Email List.txt	4879	2026-01-20T23:25:16.422Z
01-ASK Academy	02-Laser Trainings/35-03_07_2019_09_37_52_ASK-Academy---Reach---Robert-Torres.txt	4873	2026-01-20T23:23:09.469Z
01-ASK Academy	02-Laser Trainings/34-What's the Best Way to Deal with Haters on Social Media.txt	9057	2026-01-20T23:21:07.240Z
01-ASK Academy	02-Laser Trainings/34-01_30_2019_04_13_19_ASK-Academy---Reach---Donna-Schwartz-1.txt	10308	2026-01-20T23:17:11.291Z
01-ASK Academy	02-Laser Trainings/33-How Can You Develop Relationships with Joint Venture Partners to Expand Your Reach.txt	11165	2026-01-20T23:12:57.429Z
01-ASK Academy	02-Laser Trainings/33-01_30_2019_04_15_19_ASK-Academy---Reach---Johnny.txt	11012	2026-01-20T23:08:14.750Z
01-ASK Academy	02-Laser Trainings/32-How Can You Use a Contest to Create Buzz in Your Business.txt	10974	2026-01-20T23:03:38.629Z
01-ASK Academy	02-Laser Trainings/32-01_30_2019_04_11_28_ASK-Academy---Reach---Jennifer-Aube.txt	11105	2026-01-20T22:58:52.910Z
01-ASK Academy	02-Laser Trainings/31-How Can You Come Up with a Lead Magnet That's Both Enticing to People and Fast and Easy to Create.txt	11568	2026-01-20T22:54:11.712Z
01-ASK Academy	02-Laser Trainings/31-01_30_2019_04_10_22_ASK-Academy---Reach---Ann-Davis.txt	11511	2026-01-20T22:49:21.646Z
01-ASK Academy	02-Laser Trainings/30-How Can Your Paid Product Compete Against Free Products.txt	10340	2026-01-20T22:44:39.585Z
01-ASK Academy	02-Laser Trainings/30-01_30_2019_04_14_09_ASK-Academy---Reach---Donna-Schwartz.txt	9075	2026-01-20T22:40:04.743Z
01-ASK Academy	02-Laser Trainings/29-What Questions Do You Ask When Hiring Someone.txt	11834	2026-01-20T22:35:46.012Z
01-ASK Academy	02-Laser Trainings/29-01_30_2019_04_06_37_ASK-Academy---Build---Christina-Peters.txt	11814	2026-01-20T22:30:06.674Z
01-ASK Academy	02-Laser Trainings/28-How Can You Set Up Your Office to Be as Productive and Successful as Possible.txt	11465	2026-01-20T22:24:21.110Z
01-ASK Academy	02-Laser Trainings/28-01_30_2019_04_28_09_ASK-Academy---Build---Kevin-Patel.txt	11423	2026-01-20T22:18:40.434Z
01-ASK Academy	02-Laser Trainings/27-How Can You Grow From 1-to-1 to 1-to-Many with Your Services.txt	13183	2026-01-20T22:13:06.883Z
01-ASK Academy	02-Laser Trainings/27-01_30_2019_04_03_41_ASK-Academy---Build---Stacey-Olson.txt	13209	2026-01-20T22:06:09.716Z
01-ASK Academy	02-Laser Trainings/26-01_30_2019_04_04_55_ASK-Academy---Build---Iczel-Katz.txt	8079	2026-01-20T22:00:00.116Z
01-ASK Academy	02-Laser Trainings/25-How Do You Let Go and Start Hiring So You Can 10X Your Business.txt	6517	2026-01-20T21:56:28.812Z
01-ASK Academy	02-Laser Trainings/25-01_30_2019_04_01_30_ASK-Academy---Build---Dayne-Abraham-2.txt	6509	2026-01-20T21:53:45.721Z
01-ASK Academy	02-Laser Trainings/24-How Do You Make Time for Recovery to Avoid Burnout.txt	9608	2026-01-20T21:50:44.745Z
01-ASK Academy	02-Laser Trainings/24-01_30_2019_03_59_03_ASK-Academy---Build---Jack-Petry.txt	9528	2026-01-20T21:46:10.538Z
01-ASK Academy	02-Laser Trainings/23-How Can You Partner with Someone to Fill in the Gaps & Allow Yourself to Focus on Your Strengths.txt	16967	2026-01-20T21:41:45.530Z
01-ASK Academy	02-Laser Trainings/23-01_30_2019_05_46_38_ASK-Academy---Build---Marina-Kogler.txt	16960	2026-01-20T21:33:53.901Z
01-ASK Academy	02-Laser Trainings/22-01_30_2019_05_45_40_ASK-Academy---Tell---Ursula-Lopez.txt	22123	2026-01-20T21:26:52.220Z
01-ASK Academy	02-Laser Trainings/21-How Do You Use Survey Data to Form a Deeper Connection with Your Audience.txt	4676	2026-01-20T21:17:42.993Z
01-ASK Academy	02-Laser Trainings/21-01_30_2019_03_48_09_ASK-Academy---Tell---Mercy-Kay.txt	4683	2026-01-20T21:15:33.735Z
01-ASK Academy	02-Laser Trainings/20-How Can You Easily Create High-Quality Content on a Regular Basis.txt	4204	2026-01-20T21:13:18.458Z
01-ASK Academy	02-Laser Trainings/20-01_30_2019_03_46_48_ASK-Academy---Tell---LJ-Lewis.txt	4203	2026-01-20T21:11:29.428Z
01-ASK Academy	02-Laser Trainings/19-When You Have Both a Basic and a Deluxe Version of Your Product, How Do You Decide When to Introduce Each One.txt	9255	2026-01-20T21:09:39.902Z
01-ASK Academy	02-Laser Trainings/19-01_30_2019_03_45_33_ASK-Academy---Tell---Dr-Scott-Ries.txt	9113	2026-01-20T21:05:22.430Z
01-ASK Academy	02-Laser Trainings/18-How Do You Create Powerful One-Click Upsells in Your Product Portfolio.txt	17684	2026-01-20T21:01:35.607Z
01-ASK Academy	02-Laser Trainings/18-01_30_2019_05_44_37_ASK-Academy---Tell---Agnes-Lee.txt	17472	2026-01-20T20:54:04.159Z
01-ASK Academy	02-Laser Trainings/17-How Can You Reduce Refunds.txt	13564	2026-01-20T20:47:01.360Z
01-ASK Academy	02-Laser Trainings/17-01_30_2019_03_36_41_ASK-Academy---Tell---Ian-Jenkins.txt	13650	2026-01-20T20:40:46.739Z
01-ASK Academy	02-Laser Trainings/16-How Do You Determine the Price of Your Products.txt	13075	2026-01-20T20:34:31.434Z
01-ASK Academy	02-Laser Trainings/16-01_30_2019_03_34_44_ASK-Academy---Tell---Michelle-Li.txt	13214	2026-01-20T20:28:49.518Z
01-ASK Academy	02-Laser Trainings/15-How Do You Create an SMIQ to Narrow Your Focus in a New Business.txt	4786	2026-01-20T20:23:04.582Z
01-ASK Academy	02-Laser Trainings/15-01_30_2019_03_29_18_ASK-Academy---Ask---Asad-Rezzvi.txt	4765	2026-01-20T20:21:01.049Z
01-ASK Academy	02-Laser Trainings/14-How Do You Phrase a Survey Question to Know What Industry Your Market Belongs To.txt	4025	2026-01-20T20:18:59.560Z
01-ASK Academy	02-Laser Trainings/14-01_30_2019_03_26_48_ASK-Academy---Ask---Shahn-Redding.txt	4029	2026-01-20T20:17:22.673Z
01-ASK Academy	02-Laser Trainings/13-How Do You Create Your Ideal Client Avatar.txt	5378	2026-01-20T20:15:40.367Z
01-ASK Academy	02-Laser Trainings/13-01_30_2019_03_25_38_ASK-Academy---Ask---Jennifer.txt	5399	2026-01-20T20:13:25.211Z
01-ASK Academy	02-Laser Trainings/11-How Do You Get Started Building Funnels and Implementing the ASK Method If You Don't Have Any Specialized Software.txt	3815	2026-01-20T20:11:05.251Z
01-ASK Academy	02-Laser Trainings/11-01_30_2019_03_24_34_ASK-Academy---ASK---Anika-McFarland.txt	3773	2026-01-20T20:09:32.535Z
01-ASK Academy	02-Laser Trainings/10-When You're Struggling to Get Traction in Your Market, How Do You Decide Whether to Test a Different Product or to Pivot into a New Niche.txt	5239	2026-01-20T20:08:04.684Z
01-ASK Academy	02-Laser Trainings/10-01_30_2019_03_20_48_ASK-Academy---ASK---JR-Noble.txt	5231	2026-01-20T20:06:05.776Z
01-ASK Academy	02-Laser Trainings/09-How Do You Find Out What Your Customers Want.txt	4996	2026-01-20T20:04:06.060Z
01-ASK Academy	02-Laser Trainings/09-01_30_2019_03_17_04_ASK-Academy---Ask---Emma.txt	4847	2026-01-20T20:01:58.790Z
01-ASK Academy	02-Laser Trainings/08-How Do You Find More People (Online) to Buy Your Existing Product.txt	5073	2026-01-20T20:00:06.550Z
01-ASK Academy	02-Laser Trainings/08-01_30_2019_03_12_10_ASK-Academy---Choose---Cliff-James.txt	5079	2026-01-20T19:58:00.254Z
01-ASK Academy	02-Laser Trainings/07-What Do You Do When Your Audience Asks for Help Outside Your Expertise.txt	3047	2026-01-20T19:55:53.299Z
01-ASK Academy	02-Laser Trainings/07-01_30_2019_03_10_48_ASK-Academy---Choose---Kori-Tomelden.txt	3052	2026-01-20T19:54:37.773Z
01-ASK Academy	02-Laser Trainings/06-How Do You Use Google Trends to Find the Right Size Niche.txt	4974	2026-01-20T19:53:20.802Z
01-ASK Academy	02-Laser Trainings/06-01_30_2019_03_08_43_ASK-Academy---Choose---Heather-Yoder.txt	4978	2026-01-20T19:51:16.099Z
01-ASK Academy	02-Laser Trainings/05-How Do You Know When You're Done Analyzing Your Deep Dive Survey.txt	4349	2026-01-20T19:49:08.330Z
01-ASK Academy	02-Laser Trainings/05-01_30_2019_04_26_47_ASK-Academy---Ask---Amanda-Reuter.txt	4285	2026-01-20T19:47:19.272Z
01-ASK Academy	02-Laser Trainings/04-How Do You Choose The Right Mix of Products or Programs to Sell in Your Business.txt	3390	2026-01-20T19:45:31.815Z
01-ASK Academy	02-Laser Trainings/04-01_30_2019_03_07_22_ASK-Academy---Choose---Monica-Snyder.txt	3314	2026-01-20T19:43:54.408Z
01-ASK Academy	02-Laser Trainings/03-How Do You Know If Your Business Idea Is Going to Be Profitable Before You Get Started.txt	5576	2026-01-20T19:42:29.407Z
01-ASK Academy	02-Laser Trainings/03-01_30_2019_03_05_47_ASK-Academy---Choose---Ruby.txt	5596	2026-01-20T19:40:09.859Z
01-ASK Academy	02-Laser Trainings/02-How Do You Decide What Type of Business to Start.txt	3478	2026-01-20T19:37:48.376Z
01-ASK Academy	02-Laser Trainings/02-01_30_2019_03_03_54_ASK-Academy---Choose---Paulette.txt	3485	2026-01-20T19:36:18.110Z
01-ASK Academy	02-Laser Trainings/01-How Can You Create Credibility.txt	8609	2026-01-20T19:34:45.278Z
01-ASK Academy	02-Laser Trainings/01-01_30_2019_03_00_18_ASK-Academy---Choose---Pamela-Burke.txt	8593	2026-01-20T19:30:48.402Z
01-ASK Academy	02-Laser Trainings/49-Where Do You Begin When You're Just Getting Started.mp4	98274180	2021-02-05T16:01:09.186Z
01-ASK Academy	02-Laser Trainings/43-How Do You Nurture and Convert Leads Who Don't Buy Right Away.mp4	100798644	2021-02-05T16:01:09.111Z
01-ASK Academy	02-Laser Trainings/59-How Can You Reach Maximum Productivity Daily.mp4	297649872	2021-02-05T16:00:26.978Z
01-ASK Academy	02-Laser Trainings/66-How Do You Find Out Where Your Prospects Hang Out Online.mp4	65337332	2021-02-05T15:58:50.118Z
01-ASK Academy	02-Laser Trainings/52-How Do You Use the ASK Method to Create New Product Ideas.mp4	133905068	2021-02-05T15:58:16.284Z
01-ASK Academy	02-Laser Trainings/28-How Can You Set Up Your Office to Be as Productive and Successful as Possible.mp4	135712312	2021-02-05T15:57:15.067Z
01-ASK Academy	02-Laser Trainings/38-Is a Positive or Negative Angle Best When Creating Your Lead Magnet.mp4	71213460	2021-02-05T15:56:18.931Z
01-ASK Academy	02-Laser Trainings/45-How Do You Move Someone from a Free Offer to a Paid One.mp4	312841588	2021-02-05T15:55:58.891Z
01-ASK Academy	02-Laser Trainings/60-How Do You Use Microcommitments to Make Progress on Your Goals.mp4	75704216	2021-02-05T15:54:56.424Z
01-ASK Academy	02-Laser Trainings/65-How Do You Sell Products with More than One Decision Maker.mp4	233533976	2021-02-05T15:54:45.369Z
01-ASK Academy	02-Laser Trainings/54-How Do You Create Content and Products if You're Not the Subject Expert.mp4	144626332	2021-02-05T15:54:37.964Z
01-ASK Academy	02-Laser Trainings/44-How Do You Come Up with a Compelling Name for Your Product.mp4	101723980	2021-02-05T15:51:22.641Z
01-ASK Academy	02-Laser Trainings/05-How Do You Know When You're Done Analyzing Your Deep Dive Survey.mp4	58960372	2021-02-05T15:51:01.180Z
01-ASK Academy	02-Laser Trainings/63-How Do You Stop Freelancing and Start Selling Online Products.mp4	169375968	2021-02-05T15:48:59.937Z
01-ASK Academy	02-Laser Trainings/19-When You Have Both a Basic and a Deluxe Version of Your Product, How Do You Decide When to Introduce Each One.mp4	126905640	2021-02-05T15:47:57.446Z
01-ASK Academy	02-Laser Trainings/27-How Can You Grow From 1-to-1 to 1-to-Many with Your Services.mp4	142475236	2021-02-05T15:47:13.404Z
01-ASK Academy	02-Laser Trainings/23-How Can You Partner with Someone to Fill in the Gaps & Allow Yourself to Focus on Your Strengths.mp4	186890424	2021-02-05T15:44:42.362Z
01-ASK Academy	02-Laser Trainings/51-How Do You Choose the Right Direction When Starting a New Business.mp4	67969520	2021-02-05T15:44:39.534Z
01-ASK Academy	02-Laser Trainings/16-How Do You Determine the Price of Your Products.mp4	140278832	2021-02-05T15:44:07.882Z
01-ASK Academy	02-Laser Trainings/36-How Do You Achieve Balance as an Entrepreneur.mp4	175081580	2021-02-05T15:43:59.628Z
01-ASK Academy	02-Laser Trainings/30-How Can Your Paid Product Compete Against Free Products.mp4	118649056	2021-02-05T15:43:25.436Z
01-ASK Academy	02-Laser Trainings/25-How Do You Let Go and Start Hiring So You Can 10X Your Business.mp4	90203904	2021-02-05T15:42:20.617Z
01-ASK Academy	02-Laser Trainings/48-How Do You Use Your Deep Dive Survey to Get 'Unstuck.mp4	182710620	2021-02-05T15:39:30.325Z
01-ASK Academy	02-Laser Trainings/41-cHow Do You Help Your Customers Transition from Overwhelm to Results.mp4	101130840	2021-02-05T15:36:50.187Z
01-ASK Academy	02-Laser Trainings/40-How Do You Reach More of Your Target Market Online.mp4	66490148	2021-02-05T15:35:29.728Z
01-ASK Academy	02-Laser Trainings/33-How Can You Develop Relationships with Joint Venture Partners to Expand Your Reach.mp4	139490360	2021-02-05T15:35:08.045Z
01-ASK Academy	02-Laser Trainings/07-What Do You Do When Your Audience Asks for Help Outside Your Expertise.mp4	85884040	2021-02-05T15:34:07.029Z
01-ASK Academy	02-Laser Trainings/15-How Do You Create an SMIQ to Narrow Your Focus in a New Business.mp4	166078260	2021-02-05T15:29:41.479Z
01-ASK Academy	02-Laser Trainings/61-How Do You Get More Sales When Launching a Product with a Small List.mp4	207334296	2021-02-05T15:29:00.599Z
01-ASK Academy	02-Laser Trainings/11-How Do You Get Started Building Funnels and Implementing the ASK Method If You Don't Have Any Specialized Software.mp4	109821892	2021-02-05T15:27:12.833Z
01-ASK Academy	02-Laser Trainings/32-How Can You Use a Contest to Create Buzz in Your Business.mp4	125882920	2021-02-05T15:26:17.516Z
01-ASK Academy	02-Laser Trainings/08-How Do You Find More People (Online) to Buy Your Existing Product.mp4	157614124	2021-02-05T15:25:04.391Z
01-ASK Academy	02-Laser Trainings/55-What's the Best Way to Create Great Video Content.mp4	90166116	2021-02-05T15:24:01.119Z
01-ASK Academy	02-Laser Trainings/34-What's the Best Way to Deal with Haters on Social Media.mp4	104431932	2021-02-05T15:21:46.497Z
01-ASK Academy	02-Laser Trainings/31-How Can You Come Up with a Lead Magnet That's Both Enticing to People and Fast and Easy to Create.mp4	123224600	2021-02-05T15:21:31.714Z
01-ASK Academy	02-Laser Trainings/60-06_11_2019_04_22_57_ASK-Academy---Build---Microcommitments.mp3	9077453	2021-02-05T15:20:26.496Z
01-ASK Academy	02-Laser Trainings/02-How Do You Decide What Type of Business to Start.mp4	94894128	2021-02-05T15:19:59.373Z
01-ASK Academy	02-Laser Trainings/04-How Do You Choose The Right Mix of Products or Programs to Sell in Your Business.mp4	43983352	2021-02-05T15:18:50.509Z
01-ASK Academy	02-Laser Trainings/10-When You're Struggling to Get Traction in Your Market, How Do You Decide Whether to Test a Different Product or to Pivot into a New Niche.mp4	151186968	2021-02-05T15:18:39.544Z
01-ASK Academy	02-Laser Trainings/18-How Do You Create Powerful One-Click Upsells in Your Product Portfolio.mp4	184128516	2021-02-05T15:17:35.127Z
01-ASK Academy	02-Laser Trainings/35-How Do You Use Your ASK Method® Segmentation Funnel to Build Your Email List.mp4	65107596	2021-02-05T15:15:31.675Z
01-ASK Academy	02-Laser Trainings/57-How Do You Know You've Created the Right Buckets.mp4	76840488	2021-02-05T15:13:36.292Z
01-ASK Academy	02-Laser Trainings/42-6 minHow Do You Do Your Deep Dive Survey When Selling More Than One Product.mp4	156558880	2021-02-05T15:12:56.599Z
01-ASK Academy	02-Laser Trainings/17-How Can You Reduce Refunds.mp4	158555064	2021-02-05T15:09:53.976Z
01-ASK Academy	02-Laser Trainings/46-How Do You Attract Leads Who Don't Know They Need Your Product.pdf	188177848	2021-02-05T15:06:18.617Z
01-ASK Academy	02-Laser Trainings/32-01_30_2019_04_11_28_ASK-Academy---Reach---Jennifer-Aube.mp3	8061028	2021-02-05T15:00:15.169Z
01-ASK Academy	02-Laser Trainings/10-01_30_2019_03_20_48_ASK-Academy---ASK---JR-Noble.mp3	3792619	2021-02-05T14:58:12.053Z
01-ASK Academy	02-Laser Trainings/40-01_30_2019_04_20_44_ASK-Academy---Reach---Opal-Sewell-Brown.mp3	3798728	2021-02-05T14:57:01.602Z
01-ASK Academy	02-Laser Trainings/01-How Can You Create Credibility.mp4	97466720	2021-02-05T14:54:14.339Z
01-ASK Academy	02-Laser Trainings/03-How Do You Know If Your Business Idea Is Going to Be Profitable Before You Get Started.mp4	65837412	2021-02-05T14:50:31.122Z
01-ASK Academy	02-Laser Trainings/06-How Do You Use Google Trends to Find the Right Size Niche.mp4	63633676	2021-02-05T14:50:24.495Z
01-ASK Academy	02-Laser Trainings/64-How Do You Protect Yourself When Setting Up a Business Partnership.mp4	81249840	2021-02-05T14:49:25.010Z
01-ASK Academy	02-Laser Trainings/21-How Do You Use Survey Data to Form a Deeper Connection with Your Audience.mp4	48095664	2021-02-05T14:46:29.489Z
01-ASK Academy	02-Laser Trainings/20-How Can You Easily Create High-Quality Content on a Regular Basis.mp4	53192720	2021-02-05T14:43:58.029Z
01-ASK Academy	02-Laser Trainings/53-How Long Do You Wait Before Selling Your Customers Another Product.mp4	180031996	2021-02-05T14:37:20.287Z
01-ASK Academy	02-Laser Trainings/56-How Do You Transform Your Talent into a Business.mp4	80084052	2021-02-05T14:34:05.934Z
01-ASK Academy	02-Laser Trainings/24-How Do You Make Time for Recovery to Avoid Burnout.mp4	95523552	2021-02-05T14:26:06.199Z
01-ASK Academy	02-Laser Trainings/09-How Do You Find Out What Your Customers Want.mp4	140498604	2021-02-05T14:21:08.671Z
01-ASK Academy	02-Laser Trainings/29-What Questions Do You Ask When Hiring Someone.mp4	140048720	2021-02-05T14:17:00.275Z
01-ASK Academy	02-Laser Trainings/14-How Do You Phrase a Survey Question to Know What Industry Your Market Belongs To.mp4	48095100	2021-02-05T14:13:56.394Z
01-ASK Academy	02-Laser Trainings/50-How Do You Build an Audience in a Narrow Niche.mp4	75993172	2021-02-05T14:11:51.234Z
01-ASK Academy	02-Laser Trainings/22-01_30_2019_05_45_40_ASK-Academy---Tell---Ursula-Lopez.mp3	14282190	2021-02-05T14:06:02.867Z
01-ASK Academy	02-Laser Trainings/36-01_30_2019_03_13_44_ASK-Academy---Choose---Jason-Abraham.mp3	10050979	2021-02-05T13:45:52.438Z
01-ASK Academy	02-Laser Trainings/23-01_30_2019_05_46_38_ASK-Academy---Build---Marina-Kogler.mp3	11239329	2021-02-05T13:44:04.640Z
01-ASK Academy	02-Laser Trainings/25-01_30_2019_04_01_30_ASK-Academy---Build---Dayne-Abraham-2.mp3	4823807	2021-02-05T13:36:26.697Z
01-ASK Academy	02-Laser Trainings/63-07_02_2019_03_50_40_ASK-Academy---Tell---Florian-Gehring-2.mp3	4830371	2021-02-05T13:36:25.750Z
01-ASK Academy	02-Laser Trainings/46-02_26_2019_10_14_08_ASK-Academy---Reach---Steve-Simons.mp3	4932771	2021-02-05T13:34:46.420Z
01-ASK Academy	02-Laser Trainings/27-01_30_2019_04_03_41_ASK-Academy---Build---Stacey-Olson.mp3	8739628	2021-02-05T13:33:54.465Z
01-ASK Academy	02-Laser Trainings/58-How Do You Get the Right Focus in Your Business.mp4	125691536	2021-02-05T13:24:21.577Z
01-ASK Academy	02-Laser Trainings/59-06_04_2019_08_19_34_ASK-Academy---Build---Dr.-Kim-Phillips.mp3	7533980	2021-02-05T13:15:07.109Z
01-ASK Academy	02-Laser Trainings/54-04_23_2019_04_49_07_ASK-Academy---Build---Scott-Como.mp3	7924994	2021-02-05T13:13:42.875Z
01-ASK Academy	02-Laser Trainings/39-How Do You Scale Your Company and Products to the Next Level.mp4	63844048	2021-02-05T13:07:11.449Z
01-ASK Academy	02-Laser Trainings/37-How Do You Understand the Demographics in Your Market.mp4	48558144	2021-02-05T13:06:51.475Z
01-ASK Academy	02-Laser Trainings/30-01_30_2019_04_14_09_ASK-Academy---Reach---Donna-Schwartz.mp3	6284608	2021-02-05T13:00:58.830Z
01-ASK Academy	02-Laser Trainings/53-04_23_2019_03_04_17_ASK-Academy---Tell---Beryl-Young.mp3	12078663	2021-02-05T12:52:50.339Z
01-ASK Academy	02-Laser Trainings/13-How Do You Create Your Ideal Client Avatar.mp4	63542872	2021-02-05T12:48:51.244Z
01-ASK Academy	02-Laser Trainings/62-How Do You Conduct a Deep Dive Survey for a Luxury Product.mp4	62395508	2021-02-05T12:36:03.170Z
01-ASK Academy	02-Laser Trainings/02-01_30_2019_03_03_54_ASK-Academy---Choose---Paulette.mp3	2362787	2021-02-05T12:07:55.332Z
01-ASK Academy	02-Laser Trainings/11-01_30_2019_03_24_34_ASK-Academy---ASK---Anika-McFarland.mp3	2725336	2021-02-05T12:07:54.634Z
01-ASK Academy	02-Laser Trainings/37-01_30_2019_03_31_43_ASK-Academy---Ask---Shereese-Alexander-2.mp3	2800364	2021-02-05T12:06:32.343Z
01-ASK Academy	02-Laser Trainings/47-How Do You Narrow Your Niche.mp4	54956536	2021-02-05T12:05:15.137Z
01-ASK Academy	02-Laser Trainings/42-02_05_2019_09_13_45_ASK-Academy---Ask---Chris-Caldwell.mp3	3881614	2021-02-05T11:51:24.811Z
01-ASK Academy	02-Laser Trainings/06-01_30_2019_03_08_43_ASK-Academy---Choose---Heather-Yoder.mp3	3902778	2021-02-05T11:51:20.460Z
01-ASK Academy	02-Laser Trainings/39-01_30_2019_04_29_23_ASK-Academy---Reach---Beryl-Young.mp3	3933008	2021-02-05T11:49:11.112Z
01-ASK Academy	02-Laser Trainings/57-05_21_2019_10_42_32_ASK-Academy---Ask---Amy-Hope.mp3	4237320	2021-02-05T11:34:14.593Z
01-ASK Academy	02-Laser Trainings/51-04_09_2019_10_45_12_ASK-Academy---Choose---Patty-Maltese.mp3	4259150	2021-02-05T11:32:56.688Z
01-ASK Academy	02-Laser Trainings/28-01_30_2019_04_28_09_ASK-Academy---Build---Kevin-Patel.mp3	8238699	2021-02-05T11:27:23.889Z
01-ASK Academy	02-Laser Trainings/01-01_30_2019_03_00_18_ASK-Academy---Choose---Pamela-Burke.mp3	5870262	2021-02-05T11:26:54.487Z
01-ASK Academy	02-Laser Trainings/29-01_30_2019_04_06_37_ASK-Academy---Build---Christina-Peters.mp3	8357353	2021-02-05T11:25:43.072Z
01-ASK Academy	02-Laser Trainings/61-6_18_2019_05_51_21_ASK-Academy---Reach---Anna-Champagne.mp3	5894464	2021-02-05T11:25:13.947Z
01-ASK Academy	02-Laser Trainings/24-01_30_2019_03_59_03_ASK-Academy---Build---Jack-Petry.mp3	6223664	2021-02-05T10:51:20.075Z
01-ASK Academy	02-Laser Trainings/33-01_30_2019_04_15_19_ASK-Academy---Reach---Johnny.mp3	8132585	2021-02-05T10:35:01.496Z
01-ASK Academy	02-Laser Trainings/55-05_08_2019_07_18_51_ASK-Academy---Reach---Steve-Lyons.mp3	4559859	2021-02-05T10:27:56.267Z
01-ASK Academy	02-Laser Trainings/50-04_02_2019_09_24_38_ASK-Academy---Reach---Nelda-Alexander.mp3	4570640	2021-02-05T10:27:52.838Z
01-ASK Academy	02-Laser Trainings/10-01_30_2019_03_20_34_Resource-2-2-1-Two-Focus-Points-from-Your-Deep-Dive-Survey.pdf	4576468	2021-02-05T10:26:36.777Z
01-ASK Academy	02-Laser Trainings/49-03_26_2019_07_59_38_ASK-Academy---Build---Dr-Linda-Abuaber-Ammari.mp3	5729324	2021-02-05T09:52:36.769Z
01-ASK Academy	02-Laser Trainings/43-02_12_2019_11_00_10_ASK-Academy---Tell---Morgan-Gist-McDonald.mp3	5731886	2021-02-05T09:52:33.269Z
01-ASK Academy	02-Laser Trainings/31-01_30_2019_04_10_22_ASK-Academy---Reach---Ann-Davis.mp3	8700800	2021-02-05T08:47:46.407Z
01-ASK Academy	02-Laser Trainings/15-01_30_2019_03_29_18_ASK-Academy---Ask---Asad-Rezzvi.mp3	3733034	2021-02-05T07:59:12.462Z
01-ASK Academy	02-Laser Trainings/13-01_30_2019_03_25_38_ASK-Academy---Ask---Jennifer.mp3	3767124	2021-02-05T07:59:11.087Z
01-ASK Academy	02-Laser Trainings/26-01_30_2019_04_04_55_ASK-Academy---Build---Iczel-Katz.mp3	5302779	2021-02-05T07:53:50.099Z
01-ASK Academy	02-Laser Trainings/41-01_30_2019_03_50_33_ASK-Academy---Choose---Roy-Varmer.mp3	5547894	2021-02-05T07:51:02.114Z
01-ASK Academy	02-Laser Trainings/16-01_30_2019_03_34_44_ASK-Academy---Tell---Michelle-Li.mp3	8915086	2021-02-05T07:47:50.000Z
01-ASK Academy	02-Laser Trainings/48-03_12_2019_05_53_20_Resource-2-10-1-How-to-Develop-the-Right-Questions-for-Your-Deep-Dive-Survey.pdf	89943	2021-02-05T07:11:45.986Z
01-ASK Academy	02-Laser Trainings/16-01_30_2019_03_32_58_Laser-Training-3-1-How-Do-I-Determine-Price-Transcript.pdf	90195	2021-02-05T07:11:39.119Z
01-ASK Academy	02-Laser Trainings/01-01_30_2019_02_59_17_Resource-1-1-1-Using-the-Halo-Effect.pdf	90346	2021-02-05T07:11:37.888Z
01-ASK Academy	02-Laser Trainings/14-01_30_2019_03_26_34_Resource-2-5-1-Three-Best-Practices-for-Asking-Survey-Questions.pdf	90754	2021-02-05T07:11:30.913Z
01-ASK Academy	02-Laser Trainings/61-06_18_2019_05_49_19_Laser-Training-5-12-How-Do-You-Get-More-Sales-When-Launching-a-Product-with-a-Small-List-(1).pdf	91065	2021-02-05T07:11:22.868Z
01-ASK Academy	02-Laser Trainings/29-01_30_2019_04_06_02_Laser-Training-4-7-What-Questions-Do-You-Ask-When-Hiring-Transcript.pdf	91303	2021-02-05T07:11:20.384Z
01-ASK Academy	02-Laser Trainings/54-04_23_2019_04_48_43_Laser-Training-4-11-How-Do-You-Create-Content-and-Products-if-You_re-Not-the-Expert-Transcript.pdf	91356	2021-02-05T07:11:18.841Z
01-ASK Academy	02-Laser Trainings/53-04_23_2019_03_01_14_Resource-3-11-How-Long-Do-You-Wait-Before-Selling-Your-Customers-Another-Product.pdf	91506	2021-02-05T07:11:11.133Z
01-ASK Academy	02-Laser Trainings/14-01_30_2019_03_26_24_Laser-Training-2-5-How-Do-You-Phrase-a-Survey-Question-to-Know-Your-Industry-Transcript.pdf	91738	2021-02-05T07:11:05.249Z
01-ASK Academy	02-Laser Trainings/45-02_19_2019_10_08_05_Laser-Training-4-9-How-Do-You-Move-Someone-from-Free-to-Paid-Transcript.pdf	91774	2021-02-05T07:11:01.631Z
01-ASK Academy	02-Laser Trainings/49-03_26_2019_07_57_27_Laser-Training-4-10-Where-Do-You-Being-When-Just-Getting-Started-Transcript.pdf	91916	2021-02-05T07:11:00.095Z
01-ASK Academy	02-Laser Trainings/17-01_30_2019_03_35_56_Laser-Training-3-2-How-Can-I-Reduce-Refunds-Transcript.pdf	92146	2021-02-05T07:10:57.478Z
01-ASK Academy	02-Laser Trainings/44-02_19_2019_09_50_36_Laser-Training-3-10-How-Do-You-Come-Up-With-a-Compelling-Name-Transcript-.pdf	92340	2021-02-05T07:10:56.375Z
01-ASK Academy	02-Laser Trainings/50-04_02_2019_09_22_02_Laser-Training-5-10-How-Do-You-Build-an-Audience-in-a-Narrow-Niche-Transcript.pdf	92465	2021-02-05T07:10:54.841Z
01-ASK Academy	02-Laser Trainings/22-01_30_2019_03_49_04_Resource-3-7-2-Your-Testimonial-Cheat-Sheet.pdf	92576	2021-02-05T07:10:53.043Z
01-ASK Academy	02-Laser Trainings/11-01_30_2019_03_24_19_Resource-2-3-1-The-Three-Sources-for-Investment-Money.pdf	92863	2021-02-05T07:10:50.251Z
01-ASK Academy	02-Laser Trainings/47-03_04_2019_05_27_17_Laser-Training-1-10-How-Do-You-Narrow-Your-Niche-Transcript.pdf	93059	2021-02-05T07:10:47.501Z
01-ASK Academy	02-Laser Trainings/19-01_30_2019_03_44_57_Laser-Training-3-4-When-You-Have-Both-a-Basic-and-a-Deluxe-Version-of-Your-Product-Transcript.pdf	94140	2021-02-05T07:10:08.698Z
01-ASK Academy	02-Laser Trainings/56-05_14_2019_04_20_54_Laser-Training-1-12-How-Do-You-Transform-Your-Talent-Into-a-Business_-Transcript.pdf	94443	2021-02-05T07:10:07.549Z
01-ASK Academy	02-Laser Trainings/01-01_30_2019_02_59_00_Laser-Training-1-1-How-Can-I-Create-Credibility-Transcript.pdf	94559	2021-02-05T07:10:05.763Z
01-ASK Academy	02-Laser Trainings/59-06_04_2019_08_11_12_Laser-Training-4-12-How-Can-You-Reach-Maximum-Productivity-Daily-Transcript.pdf	95070	2021-02-05T07:10:04.510Z
01-ASK Academy	02-Laser Trainings/40-01_30_2019_04_20_27_Resource-5-8-1-Five-Traffic-Sources-for-Service-Based-Businesses.pdf	95623	2021-02-05T07:10:03.377Z
01-ASK Academy	02-Laser Trainings/35-01_30_2019_04_18_05_Resource-5-6-1-Your-Traffic-Flowchart.pdf	95782	2021-02-05T07:10:01.053Z
01-ASK Academy	02-Laser Trainings/65-07_16_2019_05_11_18_Transcript-1-13-How-Do-You-Sell-Products-with-More-than-One-Decision-Maker.pdf	96733	2021-02-05T07:09:59.416Z
01-ASK Academy	02-Laser Trainings/36-01_30_2019_03_13_25_Resource-1-8-1-5-Frameworks-for-Balance.pdf	98591	2021-02-05T07:09:57.950Z
01-ASK Academy	02-Laser Trainings/23-01_30_2019_03_56_19_Laser-Training-4-1-How-Can-I-Partner-with-Someone-Transcript.pdf	99410	2021-02-05T07:09:56.963Z
01-ASK Academy	02-Laser Trainings/45-02_19_2019_10_07_42_Resource-4-9-1-Your-IN-UP-MAX-Roadmap-for-Escalating-Your-Customers.pdf	101581	2021-02-05T07:09:55.042Z
01-ASK Academy	02-Laser Trainings/51-04_09_2019_10_46_34_Laser-Training-1-11-How-Do-You-Choose-the-Right-Direction-When-Starting-a-New-Business-Transcript.pdf	101681	2021-02-05T07:09:53.580Z
01-ASK Academy	02-Laser Trainings/36-01_30_2019_03_13_13_Laser-Training-1-8-How-Do-You-Achieve-Balance-as-an-Entrepreneur-Transcript.pdf	103372	2021-02-05T07:09:50.350Z
01-ASK Academy	02-Laser Trainings/08-01_30_2019_03_11_49_Resource-1-7-1-Five-Critical-Questions.pdf	104037	2021-02-05T07:09:45.741Z
01-ASK Academy	02-Laser Trainings/29-01_30_2019_04_06_20_Resource-4-7-2-Four-Ninja-Interview-Questions.pdf	104228	2021-02-05T07:09:45.315Z
01-ASK Academy	02-Laser Trainings/43-02_12_2019_10_57_01_Resource-3-9-1-Checklist-Your-Three-Step-Action-Plan.pdf	105013	2021-02-05T07:09:42.438Z
01-ASK Academy	02-Laser Trainings/17-The ASK Academy - ask.pdf	108506	2021-02-05T07:09:31.759Z
01-ASK Academy	02-Laser Trainings/22-01_30_2019_03_48_45_Laser-Training-3-7-What-Questions-Do-You-Ask-To-Get-Awesome-Testimonials-Transcript.pdf	109193	2021-02-05T07:09:27.134Z
01-ASK Academy	02-Laser Trainings/22-01_30_2019_03_48_55_Resource-3-7-1-The-Ultimate-Testimonial-Formula.pdf	110777	2021-02-05T07:09:14.091Z
01-ASK Academy	02-Laser Trainings/26-01_30_2019_04_04_40_Resource-4-5-2-Your-Time-and-Motion-Study.pdf	111252	2021-02-05T07:09:07.641Z
01-ASK Academy	02-Laser Trainings/53-04_23_2019_03_01_38_Laser-Training-3-11-How-Long-Do-You-Wait-Before-Selling-Your-Customers-Another-Product-Transcript.pdf	111784	2021-02-05T07:09:07.157Z
01-ASK Academy	02-Laser Trainings/50-04_02_2019_09_26_42_Resource-5-10-How-Do-You-Build-an-Audience-in-a-Narrow-Niche.pdf	116338	2021-02-05T07:09:06.166Z
01-ASK Academy	02-Laser Trainings/65-07_16_2019_05_10_40_Resource-1-13-1-How-Do-You-Sell-Products-with-More-than-One-Decision-Maker.pdf	116771	2021-02-05T07:09:02.262Z
01-ASK Academy	02-Laser Trainings/61- The ASK Academy - ask.academy.pdf	123019	2021-02-05T07:09:02.145Z
01-ASK Academy	02-Laser Trainings/21-01_30_2019_03_47_50_Resource-3-6-1-Two-Real-Life-Examples-for-Turning-Survey-Data-into-Sales-Copy.pdf	118755	2021-02-05T07:09:02.145Z
01-ASK Academy	02-Laser Trainings/37-01_30_2019_03_31_25_Resource-2-8-1-Three-Strategies-to-Uncover-the-Demographics-in-Your-Market.pdf	128760	2021-02-05T07:09:02.144Z
01-ASK Academy	02-Laser Trainings/29-The ASK Academy - ask.pdf	140379	2021-02-05T07:09:01.724Z
01-ASK Academy	02-Laser Trainings/08- The ASK Academy - ask.academy.pdf	131267	2021-02-05T07:09:01.724Z
01-ASK Academy	02-Laser Trainings/46-02_26_2019_10_09_04_Resource-5-9-1-How-Do-You-Attract-Leads-Who-Don_t-Know-They-Need-Your-Product.pdf	136430	2021-02-05T07:09:01.724Z
01-ASK Academy	02-Laser Trainings/24-The ASK Academy - ask.pdf	141782	2021-02-05T07:09:01.638Z
01-ASK Academy	02-Laser Trainings/36-The ASK Academy - ask.pdf	143055	2021-02-05T07:09:01.638Z
01-ASK Academy	02-Laser Trainings/07-The ASK Academy - ask.academy.pdf	144621	2021-02-05T07:09:01.637Z
01-ASK Academy	02-Laser Trainings/37-The ASK Academy - ask.pdf	145637	2021-02-05T07:09:01.525Z
01-ASK Academy	02-Laser Trainings/06- The ASK Academy - ask.academy.pdf	146495	2021-02-05T07:09:01.524Z
01-ASK Academy	02-Laser Trainings/34-The ASK Academy - ask.pdf	147283	2021-02-05T07:09:01.524Z
01-ASK Academy	02-Laser Trainings/15- The ASK Academy - ask.academy.pdf	147919	2021-02-05T07:09:01.440Z
01-ASK Academy	02-Laser Trainings/56-The ASK Academy - ask.pdf	147931	2021-02-05T07:09:01.439Z
01-ASK Academy	02-Laser Trainings/02- The ASK Academy - ask.academy.pdf	148411	2021-02-05T07:09:01.439Z
01-ASK Academy	02-Laser Trainings/47- The ASK Academy - ask.academy.pdf	154353	2021-02-05T07:09:01.296Z
01-ASK Academy	02-Laser Trainings/09-The ASK Academy - ask.academy.pdf	151580	2021-02-05T07:09:01.296Z
01-ASK Academy	02-Laser Trainings/30-The ASK Academy - ask.pdf	155427	2021-02-05T07:09:01.295Z
01-ASK Academy	02-Laser Trainings/38-The ASK Academy - ask.pdf	158641	2021-02-05T07:09:01.147Z
01-ASK Academy	02-Laser Trainings/50- The ASK Academy - ask.academy.pdf	156417	2021-02-05T07:09:01.147Z
01-ASK Academy	02-Laser Trainings/62- The ASK Academy - ask.academy.pdf	158149	2021-02-05T07:09:01.147Z
01-ASK Academy	02-Laser Trainings/26-The ASK Academy - ask.pdf	162020	2021-02-05T07:09:01.142Z
01-ASK Academy	02-Laser Trainings/05- The ASK Academy - ask.academy.pdf	162971	2021-02-05T07:08:59.804Z
01-ASK Academy	02-Laser Trainings/22-The ASK Academy - ask.pdf	163273	2021-02-05T07:08:59.803Z
01-ASK Academy	02-Laser Trainings/04- The ASK Academy - ask.academy.pdf	164007	2021-02-05T07:08:59.721Z
01-ASK Academy	02-Laser Trainings/51-The ASK Academy - ask.academy.pdf	163769	2021-02-05T07:08:59.721Z
01-ASK Academy	02-Laser Trainings/14- The ASK Academy - ask.academy.pdf	164576	2021-02-05T07:08:59.721Z
01-ASK Academy	02-Laser Trainings/39-The ASK Academy - ask.pdf	164637	2021-02-05T07:08:59.720Z
01-ASK Academy	02-Laser Trainings/31-The ASK Academy - ask.pdf	167003	2021-02-05T07:08:59.611Z
01-ASK Academy	02-Laser Trainings/35-The ASK Academy - ask.pdf	167501	2021-02-05T07:08:59.610Z
01-ASK Academy	02-Laser Trainings/27-01_30_2019_04_03_16_Resource-4-4-1-Your-Sales-Script-Swipe-File.pdf	167624	2021-02-05T07:08:57.924Z
01-ASK Academy	02-Laser Trainings/38-01_30_2019_03_52_28_ASK-Academy---Tell---Erica-Ash.mp3	3810509	2021-02-05T06:10:59.890Z
01-ASK Academy	02-Laser Trainings/47-03_04_2019_05_28_42_ASK-Academy---Choose---Douglas-Campbell.mp3	3870413	2021-02-05T06:10:54.548Z
01-ASK Academy	02-Laser Trainings/34-01_30_2019_04_13_19_ASK-Academy---Reach---Donna-Schwartz-1.mp3	7322753	2021-02-05T04:44:03.287Z
01-ASK Academy	02-Laser Trainings/45-02_19_2019_10_09_00_ASK-Academy---Build---Brian-Dixon.mp3	7504765	2021-02-05T04:41:58.834Z
01-ASK Academy	02-Laser Trainings/05-01_30_2019_04_26_47_ASK-Academy---Ask---Amanda-Reuter.mp3	3163832	2021-02-05T03:43:55.022Z
01-ASK Academy	02-Laser Trainings/62-06_25_2019_06_27_08_ASK-Academy-----Florian-Gehring.mp3	3452361	2021-02-05T03:42:11.401Z
01-ASK Academy	02-Laser Trainings/03-01_30_2019_03_05_47_ASK-Academy---Choose---Ruby.mp3	3957288	2021-02-05T02:58:18.616Z
01-ASK Academy	02-Laser Trainings/21-01_30_2019_03_48_09_ASK-Academy---Tell---Mercy-Kay.mp3	3997770	2021-02-05T02:56:36.129Z
01-ASK Academy	02-Laser Trainings/08-01_30_2019_03_12_10_ASK-Academy---Choose---Cliff-James.mp3	3529228	2021-02-05T00:28:38.562Z
01-ASK Academy	02-Laser Trainings/35-03_07_2019_09_37_52_ASK-Academy---Reach---Robert-Torres.mp3	3673708	2021-02-05T00:28:34.889Z
01-ASK Academy	02-Laser Trainings/48-03_12_2019_05_52_48_ASK-Academy---Ask---Josh.mp3	4047474	2021-02-05T00:05:52.459Z
01-ASK Academy	02-Laser Trainings/56-05_14_2019_04_21_50_ASK-Academy---Choose---Sam-Hammack.mp3	4064033	2021-02-05T00:03:05.603Z
01-ASK Academy	02-Laser Trainings/65-07_16_2019_05_13_03_ASK-Academy---Choose---Christina-Ellis.mp3	6622526	2021-02-04T23:40:40.395Z
01-ASK Academy	02-Laser Trainings/19-01_30_2019_03_45_33_ASK-Academy---Tell---Dr-Scott-Ries.mp3	6689180	2021-02-04T23:40:36.564Z
01-ASK Academy	02-Laser Trainings/05-01_30_2019_04_26_33_Resource-2-6-1-Three-Mindset-Shifts.pdf	51225	2021-02-04T22:59:54.819Z
01-ASK Academy	02-Laser Trainings/64-07_09_2019_06_25_02_Resource-4-14-How-Do-You-Protect-Yourself-When-Setting-Up-a-Business-Partnership.pdf	53197	2021-02-04T22:59:54.819Z
01-ASK Academy	02-Laser Trainings/32-01_30_2019_04_11_02_Resource-5-3-1-Leveraging-the-Ripple-Effect.pdf	54952	2021-02-04T22:59:54.551Z
01-ASK Academy	02-Laser Trainings/33-01_30_2019_04_14_59_Resource-5-5-2-Six-Relationship-Building-Strategies.pdf	56845	2021-02-04T22:59:54.551Z
01-ASK Academy	02-Laser Trainings/62-06_25_2019_06_24_26_Resource-2-13-How-Do-You-Conduct-a-Deep-Dive-Survey-for-a-Luxury-Product.pdf	57836	2021-02-04T22:59:54.549Z
01-ASK Academy	02-Laser Trainings/18-01_30_2019_03_39_08_Resource-3-3-2-The-Four-Questions-to-Ask-Yourself.pdf	59373	2021-02-04T22:59:54.492Z
01-ASK Academy	02-Laser Trainings/33-01_30_2019_04_14_51_Resource-5-5-1-Your-Dream-20-List.pdf	62692	2021-02-04T22:59:54.238Z
01-ASK Academy	02-Laser Trainings/55-05_08_2019_07_16_12_Resource-5-11-What_s-the-Best-Way-to-Create-Great-Video-Content.pdf	63744	2021-02-04T22:59:54.208Z
01-ASK Academy	02-Laser Trainings/54-04_23_2019_04_48_18_Resource-4-11-1-Three-Ways-to-Create-Content.pdf	65482	2021-02-04T22:59:54.056Z
01-ASK Academy	02-Laser Trainings/16-01_30_2019_03_33_25_Resource-3-1-2-4-Ways-to-Price-Your-Product-Suite.pdf	65715	2021-02-04T22:59:53.910Z
01-ASK Academy	02-Laser Trainings/57-05_21_2019_10_41_01_Resource-2-12-How-Do-You-Know-You've-Created-the-Right-Buckets.pdf	65793	2021-02-04T22:59:51.705Z
01-ASK Academy	02-Laser Trainings/59-06_04_2019_08_10_47_Resource-4-12-How-Can-You-Reach-Maximum-Productivity-Daily.pdf	66337	2021-02-04T22:59:48.020Z
01-ASK Academy	02-Laser Trainings/11-01_30_2019_03_24_07_Laser-Training-2-3-How-Do-I-Get-Started-Building-Funnels-If-I....pdf	67522	2021-02-04T22:59:45.087Z
01-ASK Academy	02-Laser Trainings/30-01_30_2019_04_08_26_Resource-5-1-1-The-Six-Point-Strategy.pdf	67541	2021-02-04T22:59:41.360Z
01-ASK Academy	02-Laser Trainings/18-01_30_2019_05_44_37_ASK-Academy---Tell---Agnes-Lee.mp3	13024452	2021-02-04T22:59:35.508Z
01-ASK Academy	02-Laser Trainings/21-01_30_2019_03_47_40_Laser-Training-3-6-How-Do-You-Use-Survey-Data-to-Form-a-Deeper-Connection-Transcript.pdf	67725	2021-02-04T22:59:35.194Z
01-ASK Academy	02-Laser Trainings/05-01_30_2019_04_26_24_Laser-Training-2-6-How-Do-You-Know-When-You_re-Done-Analyzing-Your-DDS-Transcript.pdf	67948	2021-02-04T22:59:34.633Z
01-ASK Academy	02-Laser Trainings/29-01_30_2019_04_06_12_Resource-4-7-1-The-Four-Step-_Hire-Right_-Framework.pdf	69265	2021-02-04T22:59:31.122Z
01-ASK Academy	02-Laser Trainings/25-01_30_2019_04_00_20_Resource-4-3-1-Five-Crucial-Mindset-Shifts.pdf	69316	2021-02-04T22:59:25.763Z
01-ASK Academy	02-Laser Trainings/58-05_28_2019_09_49_30_Laser-Training-3-12-How-Do-You-Get-the-Right-Focus-in-Your-Business_-Transcript.pdf	69363	2021-02-04T22:59:11.451Z
01-ASK Academy	02-Laser Trainings/42-02_05_2019_09_06_14_Resource-2-9-1-How-to-Tweak-Your-Deep-Dive-Survey.pdf	69954	2021-02-04T22:59:06.251Z
01-ASK Academy	02-Laser Trainings/38-01_30_2019_03_52_05_Laser-Training-3-8-Is-a-Positive-or-Negative-Angle-Best-When-Creating-Your-Lead-Magnet-Transcript.pdf	70119	2021-02-04T22:58:58.913Z
01-ASK Academy	02-Laser Trainings/15-01_30_2019_03_29_01_Resource-2-7-1-Two-Rules-of-Thumb-to-Create-a-Solid-SMIQ.pdf	70256	2021-02-04T22:58:51.382Z
01-ASK Academy	02-Laser Trainings/34-01_30_2019_04_12_40_Resource-5-4-1-The-Three-Ways-to-Deal-with-Social-Media-Haters.pdf	71451	2021-02-04T22:58:44.842Z
01-ASK Academy	02-Laser Trainings/18-01_30_2019_03_38_58_Resource-3-3-1-The-Three-Frameworks.pdf	71820	2021-02-04T22:58:42.573Z
01-ASK Academy	02-Laser Trainings/15-01_30_2019_03_28_50_Laser-Training-2-7-How-do-You-Create-an-SMIQ-to-Narrow-Your-Focus-Transcript.pdf	72222	2021-02-04T22:58:41.718Z
01-ASK Academy	02-Laser Trainings/17-01_30_2019_03_36_06_Resource-3-2-1-The-Bullseye-Model.pdf	72395	2021-02-04T22:58:39.236Z
01-ASK Academy	02-Laser Trainings/31-01_30_2019_04_09_57_Resource-5-2-1-The-Three-Types-of-Lead-Magnets.pdf	72756	2021-02-04T22:58:36.028Z
01-ASK Academy	02-Laser Trainings/61-06_18_2019_05_50_51_Resource-5-12-1-How-Do-You-Get-More-Sales-When-Launching-a-Product-with-a-Small-List.pdf	73071	2021-02-04T22:58:24.863Z
01-ASK Academy	02-Laser Trainings/20-01_30_2019_03_46_19_Laser-Training-3-5-How-Can-You-Easily-Create-High-Quality-Content-Transcript.pdf	74325	2021-02-04T22:58:19.727Z
01-ASK Academy	02-Laser Trainings/26-01_30_2019_04_04_21_Laser-Training-4-5-How-Can-You-Grow-Your-Team-Transcript.pdf	74526	2021-02-04T22:58:14.601Z
01-ASK Academy	02-Laser Trainings/63-07_03_2019_12_19_59_Resource-3-13-1-How-Do-You-Stop-Freelancing-and-Start-Selling-Online-Products.pdf	75295	2021-02-04T22:58:11.355Z
01-ASK Academy	02-Laser Trainings/23-01_30_2019_03_56_29_Resource-4-1-1-The-Three-Building-Blocks.pdf	75430	2021-02-04T22:58:09.207Z
01-ASK Academy	02-Laser Trainings/13-01_30_2019_03_25_13_Laser-Training-2-4-How-Do-You-Create-Your-Ideal-Client-Avatar-Transcript.pdf	75640	2021-02-04T22:58:08.904Z
01-ASK Academy	02-Laser Trainings/20-01_30_2019_03_46_31_Resource-3-5-1-The-3x3-Content-Creation-Method.pdf	75647	2021-02-04T22:58:05.156Z
01-ASK Academy	02-Laser Trainings/52-04_16_2019_10_26_56_Resource-2-11-How-Do-You-Use-the-ASK-Method-to-Create-New-Product-Ideas.pdf	75713	2021-02-04T22:57:57.115Z
01-ASK Academy	02-Laser Trainings/26-01_30_2019_04_04_31_Resource-4-5-1-Your-Framework-for-Making-Your-First-Hire-and-Scaling-Your-Team.pdf	75836	2021-02-04T22:57:49.146Z
01-ASK Academy	02-Laser Trainings/56-05_14_2019_04_21_18_Resource-1-12-How-Do-You-Transform-Your-Talent-Into-a-Business.pdf	75853	2021-02-04T22:57:42.124Z
01-ASK Academy	02-Laser Trainings/37-01_30_2019_03_31_13_Laser-Training-2-8-How-Do-You-Understand-the-Demographics-in-Your-Market-Transcript.pdf	76124	2021-02-04T22:57:40.889Z
01-ASK Academy	02-Laser Trainings/48-03_12_2019_05_53_42_Laser-Training-2-10-How-Do-You-Use-Your-DDS-To-Get-Unstuck-Transcript.pdf	76325	2021-02-04T22:57:39.941Z
01-ASK Academy	02-Laser Trainings/32-01_30_2019_04_11_11_Resource-5-3-2-Your-Contest-Checklist.pdf	76175	2021-02-04T22:57:39.941Z
01-ASK Academy	02-Laser Trainings/24-01_30_2019_03_58_31_Laser-Training-4-2-How-Do-I-Make-Time-for-Recovery-Transcript.pdf	77141	2021-02-04T22:57:39.940Z
01-ASK Academy	02-Laser Trainings/66-07_16_2019_06_24_35_Resource-5-13-1-How-Do-You-Find-Out-Where-Your-Prospects-Hang-Out-Online.pdf	76957	2021-02-04T22:57:39.940Z
01-ASK Academy	02-Laser Trainings/60-12-06_12_2019_06_40_59_Resource-4-13-How-Do-You-Use-Microcommitments-to-Make-Progress-on-Your-Goals-(1).pdf	76609	2021-02-04T22:57:39.940Z
01-ASK Academy	02-Laser Trainings/16-01_30_2019_03_33_16_Resource-3-1-1-The-Pricing-Triangle.pdf	77196	2021-02-04T22:57:39.855Z
01-ASK Academy	02-Laser Trainings/39-01_30_2019_04_28_55_Resource-4-8-1-The-IN-UP-MAX-One-Page-Business-Model-to-Help-You-Scale-Your-Business-Quickly.pdf	78140	2021-02-04T22:57:39.854Z
01-ASK Academy	02-Laser Trainings/02-01_30_2019_03_03_18_Laser-Training-1-2-How-Do-I-Decide-What-Type-of-Business-to-Start-Transcript.pdf	78021	2021-02-04T22:57:39.854Z
01-ASK Academy	02-Laser Trainings/09-0101_30_2019_03_16_38_Laser-Training-2-1-How-Do-I-Find-Out-What-My-Customers-Want-Transcript.pdf	77651	2021-02-04T22:57:39.854Z
01-ASK Academy	02-Laser Trainings/04-01_30_2019_03_06_55_Laser-Training-1-4-How-Do-You-Choose-the-Right-Mix-of-Products-or-Programs-Transcript.pdf	78492	2021-02-04T22:57:39.853Z
01-ASK Academy	02-Laser Trainings/63-07_03_2019_12_21_03_Transcript-3-13-How-Do-You-Stop-Freelancing-and-Start-Selling-Online-Products.pdf	78532	2021-02-04T22:57:39.683Z
01-ASK Academy	02-Laser Trainings/40-01_30_2019_04_20_18_Laser-Training-5-8-How-Do-You-Reach-More-of-Your-Target-Market-Online-Transcript.pdf	79013	2021-02-04T22:57:39.683Z
01-ASK Academy	02-Laser Trainings/10-01_30_2019_03_20_20_Laser-Training-2-2-How-Do-You-Decide-to-Test-a-Different-Product-or-Pivot-Transcr.pdf	79486	2021-02-04T22:57:39.682Z
01-ASK Academy	02-Laser Trainings/30-01_30_2019_04_08_17_Laser-Training-5-1-How-Can-My-Paid-Product-Compete-Against-Free-Transcript.pdf	79218	2021-02-04T22:57:39.682Z
01-ASK Academy	02-Laser Trainings/32-01_30_2019_04_10_54_Laser-Training-5-3-How-Can-You-Use-a-Contest-to-Create-Buzz-in-Your-Business-Transcript.pdf	79608	2021-02-04T22:57:39.556Z
01-ASK Academy	02-Laser Trainings/35-01_30_2019_04_17_56_Laser-Training-5-6-How-Do-You-Use-Your-ASK-Segmentation-Funnel-to-Build-Your-List-Transcript.pdf	79495	2021-02-04T22:57:39.556Z
01-ASK Academy	02-Laser Trainings/07-01_30_2019_03_09_58_Laser-Training-1-6-What-Do-You-DO-When-Your-Audience-Asks-for-Help-Outside-Your-Expertise-Transcript.pdf	80050	2021-02-04T22:57:39.555Z
01-ASK Academy	02-Laser Trainings/44-02_19_2019_09_50_11_Resource-3-10-2-The-Four-Directions-You-Can-Take.pdf	79764	2021-02-04T22:57:39.555Z
01-ASK Academy	02-Laser Trainings/01-01_30_2019_02_59_32_Resource-1-1-2-The-4-Step-Beta-Testing-Plan.pdf	80930	2021-02-04T22:57:39.432Z
01-ASK Academy	02-Laser Trainings/39-01_30_2019_04_28_45_Laser-Training-4-8-How-Do-You-Scale-Your-Products-and-Company-Transcript.pdf	81161	2021-02-04T22:57:39.432Z
01-ASK Academy	02-Laser Trainings/42-02_05_2019_09_05_38_Laser-Training-2-9-How-Do-You-Do-Your-DDS-When-Selling-More-Than-One-Product-Transcript.pdf	80259	2021-02-04T22:57:39.432Z
01-ASK Academy	02-Laser Trainings/62-06_25_2019_06_25_20_Laser-Training-2-13-How-Do-You-Conduct-a-Deep-Dive-Survey-for-a-Luxury-Product_-Transcript.pdf	80754	2021-02-04T22:57:39.432Z
01-ASK Academy	02-Laser Trainings/23-01_30_2019_03_56_44_Resource-4-1-2-The-Co-Creation-Affiliate-Formula.pdf	81761	2021-02-04T22:57:39.265Z
01-ASK Academy	02-Laser Trainings/17-01_30_2019_03_36_14_Resource-3-2-2-5-Techniques-to-Reduce-Refunds.pdf	81209	2021-02-04T22:57:39.265Z
01-ASK Academy	02-Laser Trainings/58-05_28_2019_09_48_59_Resource-3-12-How-Do-You-Get-the-Right-Focus-in-Your-Business.pdf	81862	2021-02-04T22:57:39.264Z
01-ASK Academy	02-Laser Trainings/06-01_30_2019_03_08_10_Laser-Training-1-5-How-Do-You-Use-Google-Trends-to-Find-the-Right-Size-Niche-Transcript.pdf	82512	2021-02-04T22:57:39.264Z
01-ASK Academy	02-Laser Trainings/51-04_09_2019_10_46_06_Resource-1-11-How-Do-You-Choose-the-Right-Direction-When-Starting-a-New-Business.pdf	82786	2021-02-04T22:57:39.180Z
01-ASK Academy	02-Laser Trainings/43-02_12_2019_10_56_24_Laser-Training-3-9-How-Do-You-Nurture-and-Convert-Leads-Who-Don_t-Buy-Right-Away-Transcript.pdf	82735	2021-02-04T22:57:39.180Z
01-ASK Academy	02-Laser Trainings/25-01_30_2019_03_59_52_Laser-Training-4-3-How-Do-You-Let-Go-and-Start-Hiring-So-You-Can-10X-Your-Business-Transcript.pdf	83045	2021-02-04T22:57:39.179Z
01-ASK Academy	02-Laser Trainings/55-05_08_2019_07_13_56_Laser-Training-5-11-What_s-the-Best-Way-to-Create-Great-Video-Content_-Transcript.pdf	83581	2021-02-04T22:57:39.094Z
01-ASK Academy	02-Laser Trainings/64-07_09_2019_06_25_28_Laser-Training-4-14-How-do-you-Protect-Yourself-When-Setting-Up-a-Business-Partnership_-Transcript.pdf	85542	2021-02-04T22:57:39.094Z
01-ASK Academy	02-Laser Trainings/49-03_26_2019_07_58_14_Resource-4-10-1-The-1-1-1-1-1-Model.pdf	84067	2021-02-04T22:57:39.094Z
01-ASK Academy	02-Laser Trainings/07-01_30_2019_03_10_13_Resource-1-6-1-Three-Options-to-Provide-Solutions.pdf	85238	2021-02-04T22:57:39.094Z
01-ASK Academy	02-Laser Trainings/57-05_21_2019_10_40_36_Laser-Training-2-12-How-Do-You-Know-You've-Created-the-Right-Buckets_-Transcript.pdf	85588	2021-02-04T22:57:39.093Z
01-ASK Academy	02-Laser Trainings/41-01_30_2019_03_50_59_Laser-Training-1-9-How-Do-You-Help-Customers-Transition-from-Overwhelm-to-Results-Transcript.pdf	85736	2021-02-04T22:57:38.890Z
01-ASK Academy	02-Laser Trainings/04-01_30_2019_03_07_05_Resource-1-4-1-How-to-Use-the-IN-UP-MAX-One-Page-Business-Model.pdf	85960	2021-02-04T22:57:38.890Z
01-ASK Academy	02-Laser Trainings/52-04_16_2019_10_28_07_Laser-Training-2-11-How-Do-You-Use-the-ASK-Method-to-Create-New-Product-Ideas-Transcript.pdf	86869	2021-02-04T22:57:38.889Z
01-ASK Academy	02-Laser Trainings/46-02_27_2019_10_36_08_Laser-Training-5-9-How-Do-You-Attract-Leads-Who-Dont-Know-They-Need-Your-Product-Transcript.pdf	86399	2021-02-04T22:57:38.889Z
01-ASK Academy	02-Laser Trainings/09-01_30_2019_03_16_48_Resource-2-1-1-The-Only-Two-Types-of-Questions.pdf	87615	2021-02-04T22:57:38.633Z
01-ASK Academy	02-Laser Trainings/38-01_30_2019_03_52_13_Resource-3-8-1-3-Examples-of-Negative-Copywriting.pdf	87166	2021-02-04T22:57:38.633Z
01-ASK Academy	02-Laser Trainings/44-02_19_2019_09_49_50_Resource-3-10-1-The-Three-Roads-for-Customizing-Your-Product-Title.pdf	88100	2021-02-04T22:57:38.632Z
01-ASK Academy	02-Laser Trainings/33-01_30_2019_04_14_43_Laser-Training-5-5-How-Do-You-Develop-Relationships-with-Joint-Venture-Partners-Transcript.pdf	88108	2021-02-04T22:57:38.632Z
01-ASK Academy	02-Laser Trainings/41-01_30_2019_03_50_44_Resource-1-9-1-How-to-Use-Questions-Along-the-Customer-Journey.pdf	88135	2021-02-04T22:57:38.508Z
01-ASK Academy	02-Laser Trainings/24-01_30_2019_03_58_41_Resource-4-2-1-Your-Recharge-Calendar.pdf	88264	2021-02-04T22:57:38.507Z
01-ASK Academy	02-Laser Trainings/28-01_30_2019_04_27_40_Laser-Training-4-6-How-Can-You-Set-Up-Your-Office-Transcript.pdf	88267	2021-02-04T22:57:38.507Z
01-ASK Academy	02-Laser Trainings/08-01_30_2019_03_11_35_Laser-Training-1-7-How-Do-You-Find-More-People-to-Buy-Your-Product-Transcript.pdf	88365	2021-02-04T22:57:38.392Z
01-ASK Academy	02-Laser Trainings/02-01_30_2019_03_03_34_Resource-1-2-1-The-4-Entrepreneurial-Types.pdf	88473	2021-02-04T22:57:38.392Z
01-ASK Academy	02-Laser Trainings/18-01_30_2019_03_38_42_Laser-Training-3-3-How-Do-You-Create-Powerful-One-Click-Upsells-in-Your-Product-Portfolio-Transcript.pdf	88617	2021-02-04T22:57:38.391Z
01-ASK Academy	02-Laser Trainings/03-01_30_2019_03_05_19_Laser-Training-1-3-How-Do-I-Know-if-My-Business-Idea-is-Going-to-Be-Profitable-Transcript.pdf	88560	2021-02-04T22:57:38.391Z
01-ASK Academy	02-Laser Trainings/27-01_30_2019_04_03_01_Laser-Training-4-4-How-Can-You-Grow-From-1-to-1-to-1-to-Many-with-Your-Services-Transcript.pdf	89016	2021-02-04T22:57:37.733Z
01-ASK Academy	02-Laser Trainings/31-01_30_2019_04_09_48_Laser-Training-5-2-How-Can-I-Come-Up-with-a-Lead-Magnet-Transcript.pdf	88859	2021-02-04T22:57:37.733Z
01-ASK Academy	02-Laser Trainings/34-01_30_2019_04_12_29_Laser-Training-5-4-How-Do-You-Deal-With-Haters-on-Social-Media-Transcript.pdf	89263	2021-02-04T22:57:37.732Z
01-ASK Academy	02-Laser Trainings/60-06_12_2019_06_40_23_Laser-Training-4-13-How-Do-You-Use-Microcommitments-to-Make-Progress-on-Your-Goals_-Transcript-(1).pdf	89435	2021-02-04T22:57:37.732Z
01-ASK Academy	02-Laser Trainings/66-07_16_2019_06_25_32_Transcript-5-13-How-Do-You-Find-Out-Where-Your-Prospects-Hang-Out-Online.pdf	89487	2021-02-04T22:57:37.322Z
01-ASK Academy	02-Laser Trainings/58-05_28_2019_09_50_33_ASK-Academy---Tell---Ted-Watler.mp3	2940401	2021-02-04T22:44:52.130Z
01-ASK Academy	02-Laser Trainings/14-01_30_2019_03_26_48_ASK-Academy---Ask---Shahn-Redding.mp3	3012320	2021-02-04T22:41:20.100Z
01-ASK Academy	02-Laser Trainings/47-03_04_2019_05_25_00_Resource-1-10-1-How-Do-You-Narrow-Your-Niche.pdf	432894	2021-02-04T22:37:20.092Z
01-ASK Academy	02-Laser Trainings/28-01_30_2019_04_27_50_Resource-4-6-1-Ryan_s-Five-Office-Must-Haves.pdf	644833	2021-02-04T22:37:16.001Z
01-ASK Academy	02-Laser Trainings/13-01_30_2019_03_25_23_Resource-2-4-1-Your-Interview-Checklist-for-Asking-Better-Questions.pdf	1034520	2021-02-04T22:37:04.417Z
01-ASK Academy	02-Laser Trainings/07-01_30_2019_03_10_48_ASK-Academy---Choose---Kori-Tomelden.mp3	1089298	2021-02-04T22:37:00.492Z
01-ASK Academy	02-Laser Trainings/31-01_30_2019_04_10_06_Resource-5-2-2-Your-Lead-Magnet-Swipe-File.pdf	2114694	2021-02-04T22:36:57.212Z
01-ASK Academy	02-Laser Trainings/04-01_30_2019_03_07_22_ASK-Academy---Choose---Monica-Snyder.mp3	2312267	2021-02-04T22:36:54.091Z
01-ASK Academy	02-Laser Trainings/17-01_30_2019_03_36_41_ASK-Academy---Tell---Ian-Jenkins.mp3	9343656	2021-02-04T21:57:22.188Z
01-ASK Academy	02-Laser Trainings/52-04_16_2019_10_28_33_ASK-Academy---Ask---John-Zentmeyer.mp3	3473074	2021-02-04T19:45:55.656Z
01-ASK Academy	02-Laser Trainings/09-01_30_2019_03_17_04_ASK-Academy---Ask---Emma.mp3	3473451	2021-02-04T19:45:47.681Z
01-ASK Academy	02-Laser Trainings/66-07_16_2019_06_26_19_ASK-Academy---Reach---Patti-Turner.mp3	4179234	2021-02-04T19:09:34.935Z
01-ASK Academy	02-Laser Trainings/19-01_30_2019_03_45_10_Resource-3-4-1-The-Three-Paths-for-Presenting-Basic-and-Deluxe-Products.pdf	3095331	2021-02-04T18:58:04.633Z
01-ASK Academy	02-Laser Trainings/20-01_30_2019_03_46_48_ASK-Academy---Tell---LJ-Lewis.mp3	3096880	2021-02-04T18:57:59.384Z
01-ASK Academy	02-Laser Trainings/64-07_09_2019_06_26_47_ASK-Academy---Build---Marcella-Zapata.mp3	4470950	2021-02-04T18:50:36.569Z
01-ASK Academy	02-Laser Trainings/52-The ASK Academy - ask.academy.pdf	168170	2021-02-04T16:30:11.182Z
01-ASK Academy	02-Laser Trainings/21-The ASK Academy - ask.pdf	169614	2021-02-04T16:30:08.116Z
01-ASK Academy	02-Laser Trainings/20-The ASK Academy - ask.pdf	170171	2021-02-04T16:30:07.609Z
01-ASK Academy	02-Laser Trainings/57-The ASK Academy - ask.pdf	170956	2021-02-04T16:30:07.410Z
01-ASK Academy	02-Laser Trainings/28-The ASK Academy - ask.pdf	171576	2021-02-04T16:30:04.641Z
01-ASK Academy	02-Laser Trainings/58- The ASK Academy - ask.academy.pdf	171617	2021-02-04T16:30:03.787Z
01-ASK Academy	02-Laser Trainings/32-The ASK Academy - ask.pdf	172299	2021-02-04T16:30:02.645Z
01-ASK Academy	02-Laser Trainings/40-The ASK Academy - ask.pdf	173836	2021-02-04T16:30:00.519Z
01-ASK Academy	02-Laser Trainings/59- The ASK Academy - ask.academy.pdf	174799	2021-02-04T16:29:57.311Z
01-ASK Academy	02-Laser Trainings/55-The ASK Academy - ask.pdf	175391	2021-02-04T16:29:55.625Z
01-ASK Academy	02-Laser Trainings/64-The ASK Academy - ask.academy.pdf	177831	2021-02-04T16:29:55.439Z
01-ASK Academy	02-Laser Trainings/16-The ASK Academy - ask.pdf	178688	2021-02-04T16:29:54.355Z
01-ASK Academy	02-Laser Trainings/53-The ASK Academy - ask..pdf	179390	2021-02-04T16:29:52.230Z
01-ASK Academy	02-Laser Trainings/18-The ASK Academy - ask.pdf	179779	2021-02-04T16:29:48.627Z
01-ASK Academy	02-Laser Trainings/01- The ASK Academy - ask.academy.pdf	179809	2021-02-04T16:29:38.579Z
01-ASK Academy	02-Laser Trainings/13- The ASK Academy - ask.academy.pdf	180368	2021-02-04T16:29:35.009Z
01-ASK Academy	02-Laser Trainings/03- The ASK Academy - ask.academy.pdf	181167	2021-02-04T16:29:33.497Z
01-ASK Academy	02-Laser Trainings/60- The ASK Academy - ask.academy.pdf	181650	2021-02-04T16:29:27.309Z
01-ASK Academy	02-Laser Trainings/27-The ASK Academy - ask.pdf	181825	2021-02-04T16:29:25.111Z
01-ASK Academy	02-Laser Trainings/43-The ASK Academy - ask.academy.pdf	183464	2021-02-04T16:29:22.201Z
01-ASK Academy	02-Laser Trainings/33-The ASK Academy - ask.pdf	184109	2021-02-04T16:29:21.135Z
01-ASK Academy	02-Laser Trainings/48-The ASK Academy - ask.academy.pdf	190515	2021-02-04T16:29:20.108Z
01-ASK Academy	02-Laser Trainings/46- The ASK Academy - ask.academy.pdf	191302	2021-02-04T16:29:19.096Z
01-ASK Academy	02-Laser Trainings/10- The ASK Academy - ask.academy.pdf	195403	2021-02-04T16:29:14.586Z
01-ASK Academy	02-Laser Trainings/25-The ASK Academy - ask.pdf	195539	2021-02-04T16:29:14.098Z
01-ASK Academy	02-Laser Trainings/49- The ASK Academy - ask.academy.pdf	195660	2021-02-04T16:29:14.002Z
01-ASK Academy	02-Laser Trainings/03-01_30_2019_03_05_31_Resource-1-3-1-The-Two-Sales-Signposts.pdf	196365	2021-02-04T16:29:05.262Z
01-ASK Academy	02-Laser Trainings/19-The ASK Academy - ask.pdf	199260	2021-02-04T16:28:59.731Z
01-ASK Academy	02-Laser Trainings/23-The ASK Academy - ask.pdf	209114	2021-02-04T16:28:52.775Z
01-ASK Academy	02-Laser Trainings/44- The ASK Academy - ask.academy	217476	2021-02-04T16:28:51.528Z
01-ASK Academy	02-Laser Trainings/45-The ASK Academy - ask.academy.pdf	219598	2021-02-04T16:28:49.105Z
01-ASK Academy	02-Laser Trainings/54-The ASK Academy - ask.pdf	226608	2021-02-04T16:28:46.766Z
01-ASK Academy	02-Laser Trainings/41-The ASK Academy - ask.academy.pdf	232548	2021-02-04T16:28:46.018Z
01-ASK Academy	02-Laser Trainings/11-The ASK Academy - ask.academy.pdf	245426	2021-02-04T16:28:45.332Z
01-ASK Academy	02-Laser Trainings/42- The ASK Academy - ask.academy.pdf	258963	2021-02-04T16:28:44.074Z
01-ASK Academy	02-Laser Trainings/66- The ASK Academy - ask.academy.pdf	267873	2021-02-04T16:28:43.981Z
01-ASK Academy	02-Laser Trainings/63- The ASK Academy - ask.academy.pdf	264437	2021-02-04T16:28:43.981Z
01-ASK Academy	02-Laser Trainings/65- The ASK Academy - ask.academy.pdf	277945	2021-02-04T16:28:43.892Z
01-ASK Academy	02-Laser Trainings/06-01_30_2019_03_08_22_Resource-1-5-1-How-to-Interpret-Google-Trends-Data.pdf	412411	2021-02-04T16:28:43.849Z
01-ASK Academy	03-bonuses/01-5 Steps to Making 6-Figures Online -Selling Nothing But -Information & Expertise/02-Choose.md	50776	2026-07-30T13:23:06.385Z
01-ASK Academy	03-bonuses/01-5 Steps to Making 6-Figures Online -Selling Nothing But -Information & Expertise/05-Build.md	40114	2026-07-30T13:09:57.787Z
01-ASK Academy	03-bonuses/01-5 Steps to Making 6-Figures Online -Selling Nothing But -Information & Expertise/04-Tell.md	37676	2026-07-30T12:59:12.609Z
01-ASK Academy	03-bonuses/01-5 Steps to Making 6-Figures Online -Selling Nothing But -Information & Expertise/03-Ask.md	46377	2026-07-29T14:47:55.724Z
01-ASK Academy	03-bonuses/01-5 Steps to Making 6-Figures Online -Selling Nothing But -Information & Expertise/01-The In-Up-Max-Model.md	37432	2026-07-29T14:35:38.357Z
01-ASK Academy	03-bonuses/01-5 Steps to Making 6-Figures Online -Selling Nothing But -Information & Expertise/06-Reach.md	43411	2026-07-29T14:24:54.445Z
01-ASK Academy	03-bonuses/01-5 Steps to Making 6-Figures Online -Selling Nothing But -Information & Expertise/02-Choose.mp4	616331304	2021-02-05T16:01:09.221Z
01-ASK Academy	03-bonuses/01-5 Steps to Making 6-Figures Online -Selling Nothing But -Information & Expertise/05-Build.mp4	1287839668	2021-02-05T16:00:24.334Z
01-ASK Academy	03-bonuses/01-5 Steps to Making 6-Figures Online -Selling Nothing But -Information & Expertise/04-Tell.mp4	1221361928	2021-02-05T15:57:00.172Z
01-ASK Academy	03-bonuses/01-5 Steps to Making 6-Figures Online -Selling Nothing But -Information & Expertise/03-Ask.mp4	594894416	2021-02-05T15:56:09.940Z
01-ASK Academy	03-bonuses/01-5 Steps to Making 6-Figures Online -Selling Nothing But -Information & Expertise/01-The In-Up-Max-Model.mp4	1198393780	2021-02-05T15:55:10.937Z
01-ASK Academy	03-bonuses/01-5 Steps to Making 6-Figures Online -Selling Nothing But -Information & Expertise/06-Reach.mp4	179210248	2021-02-05T14:47:04.498Z
01-ASK Academy	03-bonuses/01-5 Steps to Making 6-Figures Online -Selling Nothing But -Information & Expertise/03- The ASK Academy - ask.academy.pdf	44559	2021-02-05T05:08:50.538Z
01-ASK Academy	03-bonuses/01-5 Steps to Making 6-Figures Online -Selling Nothing But -Information & Expertise/04-The ASK Academy - ask.academy.pdf	48454	2021-02-05T05:08:47.040Z
01-ASK Academy	03-bonuses/01-5 Steps to Making 6-Figures Online -Selling Nothing But -Information & Expertise/05- The ASK Academy - ask.academy.pdf	48675	2021-02-05T05:08:42.858Z
01-ASK Academy	03-bonuses/01-5 Steps to Making 6-Figures Online -Selling Nothing But -Information & Expertise/06- The ASK Academy - ask.academy.pdf	57390	2021-02-05T05:08:34.297Z
01-ASK Academy	03-bonuses/01-5 Steps to Making 6-Figures Online -Selling Nothing But -Information & Expertise/01- The ASK Academy - ask.academy.pdf	74178	2021-02-05T05:08:28.889Z
01-ASK Academy	03-bonuses/01-5 Steps to Making 6-Figures Online -Selling Nothing But -Information & Expertise/02- The ASK Academy - ask.academy.pdf	93112	2021-02-05T05:08:24.973Z
01-ASK Academy	03-bonuses/03-Webinar Bootcamp/03-Before and After Your Webinar/02-3.2 Webinar Funnel and Assets.mp4	633368428	2021-02-05T16:01:09.223Z
01-ASK Academy	03-bonuses/03-Webinar Bootcamp/03-Before and After Your Webinar/03-3.3 Email Sequence.mp4	540784632	2021-02-05T15:57:25.587Z
01-ASK Academy	03-bonuses/03-Webinar Bootcamp/03-Before and After Your Webinar/04-3.4 Final Takeaways.mp4	241824964	2021-02-05T15:44:32.795Z
01-ASK Academy	03-bonuses/03-Webinar Bootcamp/03-Before and After Your Webinar/01-3.1 Bucket Features and Webinar Funnel.mp4	453544548	2021-02-05T15:37:03.366Z
01-ASK Academy	03-bonuses/03-Webinar Bootcamp/03-Before and After Your Webinar/01-02_01_2019_04_18_54_3.1.1-Resource-Webinar-Funnel-and-Assets-Summary-Part-1.pdf	718462	2021-02-05T09:51:17.526Z
01-ASK Academy	03-bonuses/03-Webinar Bootcamp/03-Before and After Your Webinar/03-03_04_2019_04_26_00_3.3.2-Resource-Webinar-Funnel-and-Assets-Summary-Part-5---Emails.pdf	776773	2021-02-05T09:51:14.590Z
01-ASK Academy	03-bonuses/03-Webinar Bootcamp/03-Before and After Your Webinar/03-03_04_2019_04_27_13_3.3.5-Resource-Show-Up-Strategy---bucket-webinar-fill-in-the-blanks-MadLib-example.pdf	907584	2021-02-05T09:51:11.820Z
01-ASK Academy	03-bonuses/03-Webinar Bootcamp/03-Before and After Your Webinar/03-03_04_2019_04_27_57_3.3.7-Resource-4DFC.pdf	1156112	2021-02-05T09:51:09.758Z
01-ASK Academy	03-bonuses/03-Webinar Bootcamp/03-Before and After Your Webinar/02-02_01_2019_04_20_08_3.2.3-Resource-Webinar-Funnel-and-Assets-Summary-Part-2---Web-Pages.pdf	1801903	2021-02-05T09:49:19.399Z
01-ASK Academy	03-bonuses/03-Webinar Bootcamp/03-Before and After Your Webinar/02-02_01_2019_04_20_21_3.2.4-Resource-Webinar-Funnel-and-Assets-Summary-Part-3---Paid-Ads.pdf	6466312	2021-02-05T07:08:59.319Z
01-ASK Academy	03-bonuses/03-Webinar Bootcamp/03-Before and After Your Webinar/01-02_01_2019_04_19_13_3.1.2-Resource-Bucket.io-Template.pdf	20729481	2021-02-05T07:08:34.382Z
01-ASK Academy	03-bonuses/03-Webinar Bootcamp/03-Before and After Your Webinar/03-03_04_2019_04_25_31_3.3.1-Resource-Webinar-Funnel-and-Assets-Summary-Part-4---Chat-Messages.pdf	2496010	2021-02-05T03:56:13.734Z
01-ASK Academy	03-bonuses/03-Webinar Bootcamp/03-Before and After Your Webinar/02-The ASK Academy - ask.pdf	65988	2021-02-04T21:24:48.794Z
01-ASK Academy	03-bonuses/03-Webinar Bootcamp/03-Before and After Your Webinar/03-The ASK Academy - ask.pdf	69146	2021-02-04T21:24:45.159Z
01-ASK Academy	03-bonuses/03-Webinar Bootcamp/03-Before and After Your Webinar/02-02_01_2019_04_19_57_3.2.2-Resource-4-Bullet-Framework-Samples.pdf	74524	2021-02-04T21:24:42.099Z
01-ASK Academy	03-bonuses/03-Webinar Bootcamp/03-Before and After Your Webinar/02-02_01_2019_04_19_45_3.2.1-Resource-Webinar-Bullet-Framework-(Bullet-Proof).pdf	82699	2021-02-04T21:24:38.813Z
01-ASK Academy	03-bonuses/03-Webinar Bootcamp/03-Before and After Your Webinar/03-03_04_2019_04_28_42_3.3.9-Resource-High-Ticket-Offer-Tweaks-to-4DFC.pdf	84851	2021-02-04T21:24:35.804Z
01-ASK Academy	03-bonuses/03-Webinar Bootcamp/03-Before and After Your Webinar/04-The ASK Academy - ask.pdf	90292	2021-02-04T21:24:34.595Z
01-ASK Academy	03-bonuses/03-Webinar Bootcamp/03-Before and After Your Webinar/03-03_04_2019_04_29_25_3.3.11-Resource-CYM-Welcome-Post-Purchase-Email-Swipe.pdf	91102	2021-02-04T21:24:33.440Z
01-ASK Academy	03-bonuses/03-Webinar Bootcamp/03-Before and After Your Webinar/01-The ASK Academy - ask.pdf	95550	2021-02-04T21:24:32.476Z
01-ASK Academy	03-bonuses/03-Webinar Bootcamp/03-Before and After Your Webinar/03-03_04_2019_04_27_33_3.3.6-Resource-Show-Up-Strategy---bucket-overview.pdf	121231	2021-02-04T21:24:31.500Z
01-ASK Academy	03-bonuses/03-Webinar Bootcamp/03-Before and After Your Webinar/03-03_04_2019_04_29_02_3.3.10-Resource-CYM-Abandonment-Email-Swipe.pdf	124170	2021-02-04T21:24:26.091Z
01-ASK Academy	03-bonuses/03-Webinar Bootcamp/03-Before and After Your Webinar/03-03_04_2019_04_26_27_3.3.3-Resource-Sign-Up-Email-Swipe.pdf	137716	2021-02-04T21:24:23.289Z
01-ASK Academy	03-bonuses/03-Webinar Bootcamp/03-Before and After Your Webinar/03-03_04_2019_04_26_50_3.3.4-Resource-Show-Up-Email-Swipe.pdf	218974	2021-02-04T21:24:22.854Z
01-ASK Academy	03-bonuses/03-Webinar Bootcamp/03-Before and After Your Webinar/03-03_04_2019_04_28_22_3.3.8-Resource-CYM-Webinar-4DFC-Example.pdf	424936	2021-02-04T21:24:19.188Z
01-ASK Academy	03-bonuses/03-Webinar Bootcamp/01-Construction Your Webinar/02-1.2 Phase 1.mp4	392566748	2021-02-05T16:00:41.343Z
01-ASK Academy	03-bonuses/03-Webinar Bootcamp/01-Construction Your Webinar/03-1.3 Phase 2.mp4	1026219432	2021-02-05T15:57:03.446Z
01-ASK Academy	03-bonuses/03-Webinar Bootcamp/01-Construction Your Webinar/01-1.1 Webinar Journey.mp4	920207548	2021-02-05T15:57:01.793Z
01-ASK Academy	03-bonuses/03-Webinar Bootcamp/01-Construction Your Webinar/01-02_01_2019_04_12_44_1.1.3-Resource-ASK-9-Part-Webinar-Framework.pdf	41929	2021-02-05T14:43:51.280Z
01-ASK Academy	03-bonuses/03-Webinar Bootcamp/01-Construction Your Webinar/01-02_01_2019_04_13_05_1.1.5-Resource-ASK-12-Part-Offer-Framework.pdf	46568	2021-02-05T14:43:46.446Z
01-ASK Academy	03-bonuses/03-Webinar Bootcamp/01-Construction Your Webinar/02-02_01_2019_04_14_13_1.2.1-Resource-Challenges-Buckets-&-Objections-Checklist.pdf	51490	2021-02-05T14:43:45.439Z
01-ASK Academy	03-bonuses/03-Webinar Bootcamp/01-Construction Your Webinar/01-02_01_2019_04_12_32_1.1.2-Resource-ASK-9-Part-Webinar-Checklist.pdf	56697	2021-02-05T14:43:44.924Z
01-ASK Academy	03-bonuses/03-Webinar Bootcamp/01-Construction Your Webinar/01-02_01_2019_04_12_21_1.1.1-Resource-Webinar-Funnel-Journey.pdf	59493	2021-02-05T14:43:43.943Z
01-ASK Academy	03-bonuses/03-Webinar Bootcamp/01-Construction Your Webinar/02-The ASK Academy - ask.pdf	62519	2021-02-05T14:43:43.430Z
01-ASK Academy	03-bonuses/03-Webinar Bootcamp/01-Construction Your Webinar/01-02_01_2019_04_12_56_1.1.4-Resource-ASK-12-Part-Offer-Checklist.pdf	63186	2021-02-05T14:43:41.973Z
01-ASK Academy	03-bonuses/03-Webinar Bootcamp/01-Construction Your Webinar/01-02_01_2019_04_13_28_1.1.7-Resource-Mistakes-Content.pdf	65592	2021-02-05T14:43:40.990Z
01-ASK Academy	03-bonuses/03-Webinar Bootcamp/01-Construction Your Webinar/03-The ASK Academy - ask.pdf	84728	2021-02-05T14:43:40.122Z
01-ASK Academy	03-bonuses/03-Webinar Bootcamp/01-Construction Your Webinar/03-02_01_2019_04_14_41_1.3.1-Resource-Create-Your-Offer.pdf	88972	2021-02-05T14:43:39.161Z
01-ASK Academy	03-bonuses/03-Webinar Bootcamp/01-Construction Your Webinar/01-The ASK Academy - ask.pdf	95892	2021-02-05T14:43:38.096Z
01-ASK Academy	03-bonuses/03-Webinar Bootcamp/01-Construction Your Webinar/01-02_01_2019_04_13_17_1.1.6-Resource-The-4-Phases-of-Your-Webinar.pdf	219651	2021-02-05T14:42:35.765Z
01-ASK Academy	03-bonuses/03-Webinar Bootcamp/01-Construction Your Webinar/02-02_01_2019_04_14_25_1.2.2-Resource-Challenges-Content.pdf	271014	2021-02-05T06:31:06.042Z
01-ASK Academy	03-bonuses/03-Webinar Bootcamp/02--Construction Your Webinar Part2/04-2.4 Case Study Reveal.mp4	421935544	2021-02-05T15:58:53.617Z
01-ASK Academy	03-bonuses/03-Webinar Bootcamp/02--Construction Your Webinar Part2/01-2.1 Communicate Offer.mp4	941125556	2021-02-05T15:57:57.797Z
01-ASK Academy	03-bonuses/03-Webinar Bootcamp/02--Construction Your Webinar Part2/03-2.3 Q&A, Sparta, Framework.mp4	841044320	2021-02-05T15:56:07.799Z
01-ASK Academy	03-bonuses/03-Webinar Bootcamp/02--Construction Your Webinar Part2/02-2.2 Phase 3.mp4	550223360	2021-02-05T15:51:28.864Z
01-ASK Academy	03-bonuses/03-Webinar Bootcamp/02--Construction Your Webinar Part2/02-02_01_2019_04_17_16_2.2.3-Resource-Build-Your-Webinar-Summary.pdf	1980170	2021-02-05T05:54:43.091Z
01-ASK Academy	03-bonuses/03-Webinar Bootcamp/02--Construction Your Webinar Part2/01-02_01_2019_04_16_20_2.1.4-Resource-Universal-FAQ-List.pdf	54105	2021-02-04T20:21:59.029Z
01-ASK Academy	03-bonuses/03-Webinar Bootcamp/02--Construction Your Webinar Part2/02-02_01_2019_04_17_02_2.2.2-Resource-Case-Study-Sandwich.pdf	63698	2021-02-04T20:21:56.843Z
01-ASK Academy	03-bonuses/03-Webinar Bootcamp/02--Construction Your Webinar Part2/02-The ASK Academy - ask.pdf	65149	2021-02-04T20:21:45.043Z
01-ASK Academy	03-bonuses/03-Webinar Bootcamp/02--Construction Your Webinar Part2/02-02_01_2019_04_17_25_2.2.4-Resource-Mistakes-Content.pdf	65592	2021-02-04T20:21:41.093Z
01-ASK Academy	03-bonuses/03-Webinar Bootcamp/02--Construction Your Webinar Part2/01-The ASK Academy - ask.pdf	84829	2021-02-04T20:21:37.874Z
01-ASK Academy	03-bonuses/03-Webinar Bootcamp/02--Construction Your Webinar Part2/03-The ASK Academy - ask.pdf	101774	2021-02-04T20:21:28.305Z
01-ASK Academy	03-bonuses/03-Webinar Bootcamp/02--Construction Your Webinar Part2/04-The ASK Academy - ask.pdf	102484	2021-02-04T20:21:25.364Z
01-ASK Academy	03-bonuses/03-Webinar Bootcamp/02--Construction Your Webinar Part2/01-02_01_2019_04_15_49_2.1.1-Resource-Your-Offer-Path-Worksheet.pdf	122645	2021-02-04T20:21:23.746Z
01-ASK Academy	03-bonuses/03-Webinar Bootcamp/02--Construction Your Webinar Part2/04-02_01_2019_04_18_16_2.4.1-Resource-Hook-Single-Most-Important-Thing.pdf	139611	2021-02-04T20:21:20.951Z
01-ASK Academy	03-bonuses/03-Webinar Bootcamp/02--Construction Your Webinar Part2/01-02_01_2019_04_16_12_2.1.3-Resource-Converting-DDS-into-Bullets.pdf	258775	2021-02-04T20:21:18.600Z
01-ASK Academy	03-bonuses/03-Webinar Bootcamp/02--Construction Your Webinar Part2/02-02_01_2019_04_16_45_2.2.1-Resource-Why-Pay-Attention.pdf	468210	2021-02-04T20:21:17.112Z
01-ASK Academy	03-bonuses/03-Webinar Bootcamp/02--Construction Your Webinar Part2/01-02_01_2019_04_16_06_2.1.2-Resource-Communicate-Your-Offer-Webinar-Summary.pdf	1666642	2021-02-04T20:21:04.946Z
01-ASK Academy	03-bonuses/04-List Building Bootcamp/01-List Building/03-1.3 Copy Exercise Part 2.mp4	476857676	2021-02-05T16:01:09.228Z
01-ASK Academy	03-bonuses/04-List Building Bootcamp/01-List Building/02-1.2 Copy Exercise Part 1.mp4	742707724	2021-02-05T16:01:09.227Z
01-ASK Academy	03-bonuses/04-List Building Bootcamp/01-List Building/01-1.1 Anatomy of a High Converting Landing Page.mp4	754796124	2021-02-05T16:01:09.225Z
01-ASK Academy	03-bonuses/04-List Building Bootcamp/01-List Building/05-1.5 Bootcamp Examples.mp4	667496256	2021-02-05T15:54:00.958Z
01-ASK Academy	03-bonuses/04-List Building Bootcamp/01-List Building/04-1.4 Build Landing Page in Bucket.mp4	810836856	2021-02-05T15:44:42.236Z
01-ASK Academy	03-bonuses/04-List Building Bootcamp/01-List Building/02-02_01_2019_04_03_58_1.2.2-Resource-Landing-Page-Fill-in-the-Blank.pdf	1192610	2021-02-05T14:08:46.112Z
01-ASK Academy	03-bonuses/04-List Building Bootcamp/01-List Building/01-02_01_2019_04_02_37_1.1.5-Resource-MindMap-Graphic-part-2.pdf	1542075	2021-02-05T14:08:43.590Z
01-ASK Academy	03-bonuses/04-List Building Bootcamp/01-List Building/01-02_01_2019_04_01_46_1.1.1-Resource-The-ASK-Method-Blueprint.pdf	1569538	2021-02-05T14:08:39.344Z
01-ASK Academy	03-bonuses/04-List Building Bootcamp/01-List Building/01-02_01_2019_04_02_17_1.1.3-Resource-27-Point-Landing-Page-Checklist.pdf	1862881	2021-02-05T14:08:34.508Z
01-ASK Academy	03-bonuses/04-List Building Bootcamp/01-List Building/01-02_01_2019_04_02_28_1.1.4-Resource-MindMap-Graphic-part-1.pdf	2101410	2021-02-05T14:07:26.763Z
01-ASK Academy	03-bonuses/04-List Building Bootcamp/01-List Building/03-The ASK Academy - ask.pdf	57336	2021-02-05T13:17:11.766Z
01-ASK Academy	03-bonuses/04-List Building Bootcamp/01-List Building/01-02_01_2019_04_02_06_1.1.2-Resource-List-Building-Journey.pdf	57703	2021-02-05T13:17:07.728Z
01-ASK Academy	03-bonuses/04-List Building Bootcamp/01-List Building/04-02_01_2019_04_05_30_1.4.6-Resource-Self-Liquidating-Offer-Template.pdf	62709	2021-02-05T13:17:04.092Z
01-ASK Academy	03-bonuses/04-List Building Bootcamp/01-List Building/02-02_01_2019_04_03_47_1.2.1-Resource-Bullet-Point-Examples.pdf	68562	2021-02-05T13:17:03.280Z
01-ASK Academy	03-bonuses/04-List Building Bootcamp/01-List Building/05-The ASK Academy - ask.pdf	70597	2021-02-05T13:17:02.566Z
01-ASK Academy	03-bonuses/04-List Building Bootcamp/01-List Building/04-02_01_2019_04_05_11_1.4.4-Resource-SLO-Video-Script-Fill-In-the-Blanks.pdf	73001	2021-02-05T13:17:02.332Z
01-ASK Academy	03-bonuses/04-List Building Bootcamp/01-List Building/04-The ASK Academy - ask.pdf	76464	2021-02-05T13:17:01.045Z
01-ASK Academy	03-bonuses/04-List Building Bootcamp/01-List Building/02-The ASK Academy - ask.pdf	91909	2021-02-05T13:16:57.756Z
01-ASK Academy	03-bonuses/04-List Building Bootcamp/01-List Building/01-The ASK Academy - ask.pdf	113369	2021-02-05T13:16:52.412Z
01-ASK Academy	03-bonuses/04-List Building Bootcamp/01-List Building/04-02_01_2019_04_05_21_1.4.5-Resource-SLO-Video-YouTube-Embed-Instructions.pdf	232600	2021-02-05T13:16:47.264Z
01-ASK Academy	03-bonuses/04-List Building Bootcamp/01-List Building/04-02_01_2019_04_04_50_1.4.2-Resource-SLO-Outcome-Page-Template---Fill-In-the-Blanks.pdf	288433	2021-02-05T13:16:41.978Z
01-ASK Academy	03-bonuses/04-List Building Bootcamp/01-List Building/04-02_01_2019_04_05_00_1.4.3-Resource-SLO-Outcome-Page-Template.pdf	521492	2021-02-05T13:16:36.853Z
01-ASK Academy	03-bonuses/04-List Building Bootcamp/01-List Building/01-02_01_2019_04_02_49_1.1.6-Resource-MindMap-Graphic-part-3.pdf	1018979	2021-02-05T13:16:32.285Z
01-ASK Academy	03-bonuses/02-Choose Your Market Masterclass/03-Choose/04-Session 4.mp4	100534880	2021-02-05T15:49:03.144Z
01-ASK Academy	03-bonuses/02-Choose Your Market Masterclass/03-Choose/02-Session 2.mp4	615396380	2021-02-05T15:47:55.412Z
01-ASK Academy	03-bonuses/02-Choose Your Market Masterclass/03-Choose/01-Session 1.mp4	93437504	2021-02-05T14:41:41.874Z
01-ASK Academy	03-bonuses/02-Choose Your Market Masterclass/03-Choose/03-Session 3.mp4	40094196	2021-02-05T14:20:23.696Z
01-ASK Academy	03-bonuses/02-Choose Your Market Masterclass/03-Choose/04-The ASK Academy - ask.pdf	35609	2021-02-04T19:32:36.152Z
01-ASK Academy	03-bonuses/02-Choose Your Market Masterclass/03-Choose/03-The ASK Academy - ask.pdf	40874	2021-02-04T19:32:31.067Z
01-ASK Academy	03-bonuses/02-Choose Your Market Masterclass/03-Choose/01-01_31_2019_08_11_25_CYM-One-Page-Business-Model---Blank.pdf	76222	2021-02-04T19:32:29.935Z
01-ASK Academy	03-bonuses/02-Choose Your Market Masterclass/03-Choose/02-The ASK Academy - ask.pdf	83855	2021-02-04T19:32:24.083Z
01-ASK Academy	03-bonuses/02-Choose Your Market Masterclass/03-Choose/02-01_31_2019_08_12_29_CYM-Choosing-Your-Greenlight-Market.pdf	90133	2021-02-04T19:32:15.059Z
01-ASK Academy	03-bonuses/02-Choose Your Market Masterclass/03-Choose/01-The ASK Academy - ask.pdf	92196	2021-02-04T19:32:08.580Z
01-ASK Academy	03-bonuses/02-Choose Your Market Masterclass/03-Choose/01-01_31_2019_08_12_05_CYM-One-Page-Business-Model---Complete.pdf	141845	2021-02-04T19:31:50.432Z
01-ASK Academy	03-bonuses/04-List Building Bootcamp/02-Email/01-2.1 Fast Cash Email Sequence.mp4	729100096	2021-02-05T15:56:16.368Z
01-ASK Academy	03-bonuses/04-List Building Bootcamp/02-Email/03-2.3 Testimonials, Final Email, Email Sequence.mp4	798072596	2021-02-05T15:49:18.558Z
01-ASK Academy	03-bonuses/04-List Building Bootcamp/02-Email/02-2.2 Fast Cash Emails.mp4	622732516	2021-02-05T15:33:24.454Z
01-ASK Academy	03-bonuses/04-List Building Bootcamp/02-Email/01-02_01_2019_04_06_41_2.1.3-Resource-4-Buyer-Types.pdf	807401	2021-02-05T14:50:44.565Z
01-ASK Academy	03-bonuses/04-List Building Bootcamp/02-Email/01-02_01_2019_04_06_16_2.1.1-Resource-List-Building-Journey.pdf	57703	2021-02-05T01:57:24.506Z
01-ASK Academy	03-bonuses/04-List Building Bootcamp/02-Email/01-02_01_2019_04_06_30_2.1.2-Resource-Email-Journey.pdf	67420	2021-02-05T01:57:21.722Z
01-ASK Academy	03-bonuses/04-List Building Bootcamp/02-Email/02-The ASK Academy - ask.pdf	95606	2021-02-05T01:57:16.667Z
01-ASK Academy	03-bonuses/04-List Building Bootcamp/02-Email/01-The ASK Academy - ask.pdf	122554	2021-02-05T01:57:15.306Z
01-ASK Academy	03-bonuses/04-List Building Bootcamp/02-Email/03-The ASK Academy - ask.pdf	134957	2021-02-05T01:57:12.204Z
01-ASK Academy	03-bonuses/04-List Building Bootcamp/02-Email/02-02_01_2019_04_10_03_2.2.2-Resource-Email-Subject-Lines.pdf	154078	2021-02-05T01:57:11.095Z
01-ASK Academy	03-bonuses/04-List Building Bootcamp/03-Traffic/01-3.1 Traffic Journey.mp4	970537968	2021-02-05T16:00:59.010Z
01-ASK Academy	03-bonuses/04-List Building Bootcamp/03-Traffic/02-3.2 The 19 Point Checklist.mp4	517903340	2021-02-05T15:59:42.607Z
01-ASK Academy	03-bonuses/04-List Building Bootcamp/03-Traffic/03-3.3 Facebook Campaign and Q&A.mp4	395542036	2021-02-05T15:44:19.255Z
01-ASK Academy	03-bonuses/04-List Building Bootcamp/03-Traffic/04-3.4 Final Takeaways.mp4	103328372	2021-02-05T14:35:15.594Z
01-ASK Academy	03-bonuses/04-List Building Bootcamp/03-Traffic/04-The ASK Academy - ask.pdf	40193	2021-02-05T13:08:04.931Z
01-ASK Academy	03-bonuses/04-List Building Bootcamp/03-Traffic/01-02_01_2019_04_10_54_3.1.2-Traffic-Journey.pdf	63051	2021-02-05T13:08:00.424Z
01-ASK Academy	03-bonuses/04-List Building Bootcamp/03-Traffic/02-02_01_2019_04_11_20_3.2.2-Resource-The-Big-Facebook-Ads-List.pdf	85899	2021-02-05T13:07:59.167Z
01-ASK Academy	03-bonuses/04-List Building Bootcamp/03-Traffic/03-The ASK Academy - ask.pdf	103636	2021-02-05T13:07:11.696Z
01-ASK Academy	03-bonuses/04-List Building Bootcamp/03-Traffic/01-The ASK Academy - ask.pdf	110775	2021-02-04T23:32:51.187Z
01-ASK Academy	03-bonuses/04-List Building Bootcamp/03-Traffic/02-The ASK Academy - ask.pdf	114608	2021-02-04T23:32:50.680Z
01-ASK Academy	03-bonuses/04-List Building Bootcamp/03-Traffic/01-02_01_2019_04_10_46_3.1.1-Resource-Ad-Creation-Framework.pdf	564379	2021-02-04T23:32:50.239Z
01-ASK Academy	03-bonuses/04-List Building Bootcamp/03-Traffic/02-02_01_2019_04_11_32_3.2.3-Resource-Facebook-Terminology-Cheat-Sheet.pdf	795508	2021-02-04T23:32:48.930Z
01-ASK Academy	03-bonuses/04-List Building Bootcamp/03-Traffic/02-02_01_2019_04_11_12_3.2.1-Resource-19-Point-Ads-Checklist.pdf	2243756	2021-02-04T23:32:45.589Z
01-ASK Academy	03-bonuses/02-Choose Your Market Masterclass/01-Brainstorm/02-Session 2.md	8277	2026-07-30T13:31:11.529Z
01-ASK Academy	03-bonuses/02-Choose Your Market Masterclass/01-Brainstorm/01-Session 1.md	6041	2026-07-30T13:29:07.285Z
01-ASK Academy	03-bonuses/02-Choose Your Market Masterclass/01-Brainstorm/04-Session 4.md	3076	2026-07-30T13:27:07.833Z
01-ASK Academy	03-bonuses/02-Choose Your Market Masterclass/01-Brainstorm/03-Session 3.md	12807	2026-07-30T13:26:22.903Z
01-ASK Academy	03-bonuses/02-Choose Your Market Masterclass/02-Test/02-Session 2.mp4	231821108	2021-02-05T16:01:09.222Z
01-ASK Academy	03-bonuses/02-Choose Your Market Masterclass/02-Test/03-Session 3.mp4	160168856	2021-02-05T15:31:28.244Z
01-ASK Academy	03-bonuses/02-Choose Your Market Masterclass/02-Test/01-Session 1.mp4	73626628	2021-02-05T15:27:51.332Z
01-ASK Academy	03-bonuses/02-Choose Your Market Masterclass/01-Brainstorm/02-Session 2.mp4	193890604	2021-02-05T15:25:31.671Z
01-ASK Academy	03-bonuses/02-Choose Your Market Masterclass/01-Brainstorm/01-Session 1.mp4	56596084	2021-02-05T15:20:44.708Z
01-ASK Academy	03-bonuses/02-Choose Your Market Masterclass/02-Test/04-Session 4.mp4	43727108	2021-02-05T14:56:11.954Z
01-ASK Academy	03-bonuses/02-Choose Your Market Masterclass/01-Brainstorm/04-Session 4.mp4	68524120	2021-02-05T14:27:40.850Z
01-ASK Academy	03-bonuses/02-Choose Your Market Masterclass/01-Brainstorm/03-Session 3.mp4	90288692	2021-02-05T14:26:07.480Z
01-ASK Academy	03-bonuses/02-Choose Your Market Masterclass/01-Brainstorm/04- The ASK Academy - ask.academy.pdf	46357	2021-02-05T10:54:01.000Z
01-ASK Academy	03-bonuses/02-Choose Your Market Masterclass/01-Brainstorm/01- The ASK Academy - ask.academy.pdf	46624	2021-02-05T10:53:59.539Z
01-ASK Academy	03-bonuses/02-Choose Your Market Masterclass/01-Brainstorm/03-01_31_2019_08_06_59_CYM-Keyword-Business-Idea-Worksheet.pdf	49965	2021-02-05T10:53:58.505Z
01-ASK Academy	03-bonuses/02-Choose Your Market Masterclass/01-Brainstorm/03- The ASK Academy - ask.academy.pdf	62220	2021-02-05T10:53:50.485Z
01-ASK Academy	03-bonuses/02-Choose Your Market Masterclass/01-Brainstorm/03-01_31_2019_08_07_13_CYM-101-Profitable-Niche-Ideas.pdf	63981	2021-02-05T10:53:47.757Z
01-ASK Academy	03-bonuses/02-Choose Your Market Masterclass/01-Brainstorm/02- The ASK Academy - ask.academy.pdf	66882	2021-02-05T10:53:45.365Z
01-ASK Academy	03-bonuses/02-Choose Your Market Masterclass/01-Brainstorm/02-01_31_2019_08_05_58_CYM-Market-Brainstorm-Worksheet.pdf	101673	2021-02-05T10:53:42.717Z
01-ASK Academy	03-bonuses/02-Choose Your Market Masterclass/01-Brainstorm/01-01_31_2019_08_05_01_Session-1---WORKSHEET---Model-Brainstorm.pdf	448151	2021-02-05T10:53:36.719Z
01-ASK Academy	03-bonuses/02-Choose Your Market Masterclass/02-Test/04-The ASK Academy - ask.pdf	34562	2021-02-05T02:17:50.878Z
01-ASK Academy	03-bonuses/02-Choose Your Market Masterclass/02-Test/02-The ASK Academy - ask.pdf	34738	2021-02-05T02:17:45.600Z
01-ASK Academy	03-bonuses/02-Choose Your Market Masterclass/02-Test/03-The ASK Academy - ask.pdf	54692	2021-02-05T02:17:44.046Z
01-ASK Academy	03-bonuses/02-Choose Your Market Masterclass/02-Test/01-The ASK Academy - ask.pdf	56755	2021-02-05T02:17:30.071Z
01-ASK Academy	03-bonuses/02-Choose Your Market Masterclass/02-Test/01-01_31_2019_08_09_07_CYM-Choosing-Your-Greenlight-Market.pdf	90133	2021-02-05T02:17:26.619Z
01-ASK Academy	03-bonuses/02-Choose Your Market Masterclass/02-Test/03-01_31_2019_08_10_05_CYM-Choosing-Your-Greenlight-Market.pdf	90133	2021-02-05T02:17:15.326Z
01-ASK Academy	03-bonuses/02-Choose Your Market Masterclass/02-Test/02-01_31_2019_08_09_30_CYM-Choosing-Your-Greenlight-Market.pdf	90133	2021-02-05T02:17:12.861Z
03-ASK Method Masterclass	02-Segment/01-05162017120007_Course Journey Overivew - Module 2.pdf	109253	2021-02-05T11:48:17.329Z
03-ASK Method Masterclass	02-Segment/By getwsodo.com.url	64	2021-02-05T11:46:29.003Z
03-ASK Method Masterclass	02-Segment/By_getwsodo.com.url	64	2021-02-05T11:46:29.003Z
03-ASK Method Masterclass	02-Segment/03-Lesson 3/03-Session 3.mp4	444386692	2026-07-01T22:48:24.700Z
03-ASK Method Masterclass	02-Segment/03-Lesson 3/06-Session 6.mp4	345000116	2026-07-01T22:47:55.557Z
03-ASK Method Masterclass	02-Segment/03-Lesson 3/01-Session 1.mp4	359101996	2021-02-05T15:55:48.065Z
03-ASK Method Masterclass	02-Segment/03-Lesson 3/09-Session 9.mp4	174792436	2021-02-05T15:55:32.987Z
03-ASK Method Masterclass	02-Segment/03-Lesson 3/07-Session 7.mp4	163465248	2021-02-05T15:54:52.046Z
03-ASK Method Masterclass	02-Segment/03-Lesson 3/04-Session 4.mp4	293075456	2021-02-05T15:50:20.134Z
03-ASK Method Masterclass	02-Segment/03-Lesson 3/02-Session 2.mp4	232979188	2021-02-05T15:44:42.361Z
03-ASK Method Masterclass	02-Segment/03-Lesson 3/05-Session 5.mp4	492632756	2021-02-05T15:40:26.856Z
03-ASK Method Masterclass	02-Segment/03-Lesson 3/08-Session 8.mp4	186698476	2021-02-05T15:26:56.951Z
03-ASK Method Masterclass	02-Segment/03-Lesson 3/03-06022017144159_askmm-2-3-3-v03a.mp3	25358736	2021-02-05T14:55:46.118Z
03-ASK Method Masterclass	02-Segment/03-Lesson 3/01-06022017144257_askmm-2-3-1-v03a.mp3	17682497	2021-02-05T14:34:42.065Z
03-ASK Method Masterclass	02-Segment/03-Lesson 3/04-06022017144509_askmm-2-3-4-v03a.mp3	20482406	2021-02-05T14:33:16.512Z
03-ASK Method Masterclass	02-Segment/03-Lesson 3/08-06022017150707_askmm-2-3-8-v03a.mp3	9413593	2021-02-05T14:07:51.955Z
03-ASK Method Masterclass	02-Segment/03-Lesson 3/05-06022017144414_askmm-2-3-5-v03a.mp3	24909012	2021-02-05T13:31:11.183Z
03-ASK Method Masterclass	02-Segment/03-Lesson 3/07-06022017144700_askmm-2-3-7-v03a.mp3	23644267	2021-02-05T12:00:41.186Z
03-ASK Method Masterclass	02-Segment/03-Lesson 3/06-06022017150435_askmm-2-3-6-v02a.mp3	16811470	2021-02-05T10:44:06.825Z
03-ASK Method Masterclass	02-Segment/03-Lesson 3/02-06022017145322_askmm-2-3-2-v03a.mp3	11269332	2021-02-05T09:50:19.066Z
03-ASK Method Masterclass	02-Segment/03-Lesson 3/07-05302017204052_Resource 2.3.7 Segmentation Funnel Example - Orchids Made Easy.pdf	4196768	2021-02-05T09:24:15.667Z
03-ASK Method Masterclass	02-Segment/03-Lesson 3/09-06022017150749_askmm-2-3-9-v02a.mp3	8694703	2021-02-05T09:21:59.931Z
03-ASK Method Masterclass	02-Segment/03-Lesson 3/02-05302017204155_Resource 2.3.2 Universal Pattern Template.pdf	67665	2021-02-05T08:29:16.839Z
03-ASK Method Masterclass	02-Segment/03-Lesson 3/06-05302017204119_Resource 2.3.6 Move Forward Step Frameworks Summary.pdf	82995	2021-02-05T08:29:12.433Z
03-ASK Method Masterclass	02-Segment/03-Lesson 3/06-05302017203648_Worksheet 2.3.6 Determine Your Outcome Page Move Forward Step.pdf	93669	2021-02-05T08:29:07.629Z
03-ASK Method Masterclass	02-Segment/03-Lesson 3/03-05302017203840_Worksheet 2.3.3 Welcome Page Template.pdf	95589	2021-02-05T08:29:01.790Z
03-ASK Method Masterclass	02-Segment/03-Lesson 3/01-05302017204001_Worksheet 2.3.1 Word Cloud Review.pdf	101560	2021-02-05T08:28:59.315Z
03-ASK Method Masterclass	02-Segment/03-Lesson 3/04-05302017203808_Worksheet 2.3.4 Lead Capture Page Template.pdf	103118	2021-02-05T08:28:55.496Z
03-ASK Method Masterclass	02-Segment/03-Lesson 3/05-05302017203731_Worksheet 2.3.5 Outcome Page Onramp Template.pdf	115486	2021-02-05T08:28:51.127Z
03-ASK Method Masterclass	02-Segment/03-Lesson 3/03-06082017122223_Resource 2.3.3. Welcome Page - Headline Examples.pdf	271461	2021-02-05T08:28:48.876Z
03-ASK Method Masterclass	02-Segment/03-Lesson 3/By_getwsodo.com.url	64	2021-02-05T08:27:14.033Z
03-ASK Method Masterclass	02-Segment/03-Lesson 3/By getwsodo.com.url	64	2021-02-05T08:27:14.033Z
03-ASK Method Masterclass	02-Segment/02-Lesson 2/04-Session 4.mp4	513186232	2026-07-01T22:47:00.942Z
03-ASK Method Masterclass	02-Segment/02-Lesson 2/05-Session 5.mp4	190950848	2021-02-05T15:54:48.031Z
03-ASK Method Masterclass	02-Segment/02-Lesson 2/03-05232017201103_askmm-2-2-3-final.mp3	25069090	2021-02-05T15:52:28.117Z
03-ASK Method Masterclass	02-Segment/02-Lesson 2/03-Session 3.mp4	513186232	2021-02-05T15:44:39.058Z
03-ASK Method Masterclass	02-Segment/02-Lesson 2/06-Session 6.mp4	212282456	2021-02-05T15:36:01.414Z
03-ASK Method Masterclass	02-Segment/02-Lesson 2/01-Session 1.mp4	181905604	2021-02-05T15:25:53.280Z
03-ASK Method Masterclass	02-Segment/02-Lesson 2/02-Session 2.mp4	259549416	2021-02-05T15:04:12.863Z
03-ASK Method Masterclass	02-Segment/02-Lesson 2/04-05232017201158_askmm-2-2-4-final.mp3	20197358	2021-02-05T10:17:09.943Z
03-ASK Method Masterclass	02-Segment/02-Lesson 2/02-05232017200949_askmm-2-2-2-final.mp3	12446305	2021-02-05T09:45:03.389Z
03-ASK Method Masterclass	02-Segment/02-Lesson 2/05-05232017201311_askmm-2-2-5-final.mp3	9631768	2021-02-05T06:23:34.068Z
03-ASK Method Masterclass	02-Segment/02-Lesson 2/06-05232017201415_askmm-2-2-6-final.mp3	10233629	2021-02-05T02:13:58.432Z
03-ASK Method Masterclass	02-Segment/02-Lesson 2/02-05232017201540_Resource 2.2.2 Segmentation Question Compass.pdf	50235	2021-02-05T01:17:11.963Z
03-ASK Method Masterclass	02-Segment/02-Lesson 2/03-05232017201617_Worksheet 2.2.3 Create Your Segmentation Questions.pdf	96069	2021-02-05T01:17:08.877Z
03-ASK Method Masterclass	02-Segment/02-Lesson 2/04-05232017201656_Resource 2.2.4 Segmentation Questions Case Study - Orchids Made Easy.pdf	1841470	2021-02-05T01:17:05.105Z
03-ASK Method Masterclass	02-Segment/02-Lesson 2/01-05232017200745_askmm-2-2-1-final.mp3	8784146	2021-02-05T01:15:08.413Z
03-ASK Method Masterclass	02-Segment/02-Lesson 2/By_getwsodo.com.url	64	2021-02-05T01:15:08.412Z
03-ASK Method Masterclass	02-Segment/02-Lesson 2/By getwsodo.com.url	64	2021-02-05T01:15:08.412Z
03-ASK Method Masterclass	02-Segment/01-Lesson 1/01-Session 1.MP4	204507340	2021-02-05T16:01:09.238Z
03-ASK Method Masterclass	02-Segment/01-Lesson 1/08-Session 8.mp4	257960816	2021-02-05T15:53:03.003Z
03-ASK Method Masterclass	02-Segment/01-Lesson 1/02-Session 2.MP4	381653160	2021-02-05T15:50:37.206Z
03-ASK Method Masterclass	02-Segment/01-Lesson 1/04-Session 4.MP4	360474208	2021-02-05T15:40:51.127Z
03-ASK Method Masterclass	02-Segment/01-Lesson 1/03-Session 3.MP4	275255312	2021-02-05T15:40:22.550Z
03-ASK Method Masterclass	02-Segment/01-Lesson 1/06-Session 6.mp4	315192152	2021-02-05T15:35:54.134Z
03-ASK Method Masterclass	02-Segment/01-Lesson 1/05-Session 5.MP4	367239764	2021-02-05T15:30:18.637Z
03-ASK Method Masterclass	02-Segment/01-Lesson 1/07-Session 7.mp4	244976972	2021-02-05T15:25:49.272Z
03-ASK Method Masterclass	02-Segment/01-Lesson 1/02-05162017170530_askmm-2-1-2-v03a.mp3	16860790	2021-02-05T13:52:10.701Z
03-ASK Method Masterclass	02-Segment/01-Lesson 1/05-05162017172438_askmm-2-1-5-v02b.mp3	20242079	2021-02-05T13:50:17.311Z
03-ASK Method Masterclass	02-Segment/01-Lesson 1/09-Session 9.mp4	167497472	2021-02-05T13:38:25.784Z
03-ASK Method Masterclass	02-Segment/01-Lesson 1/06-05162017174730_2-1-6.mp3	20947594	2021-02-05T13:34:55.551Z
03-ASK Method Masterclass	02-Segment/01-Lesson 1/04-05162017170818_askmm-2-1-4-v02b.mp3	16640525	2021-02-05T13:07:56.984Z
03-ASK Method Masterclass	02-Segment/01-Lesson 1/07-05162017174811_askmm-2-1-7-v02a.mp3	13994425	2021-02-05T11:41:59.510Z
03-ASK Method Masterclass	02-Segment/01-Lesson 1/08-05162017175039_2-1-8.mp3	12411614	2021-02-05T10:25:30.327Z
03-ASK Method Masterclass	02-Segment/01-Lesson 1/09-05162017175151_askmm-2-1-9-v03a.mp3	9013188	2021-02-05T08:03:45.768Z
03-ASK Method Masterclass	02-Segment/01-Lesson 1/01-05162017170201_2-1-1-Create Your Buckets.mp3	9016950	2021-02-05T08:01:23.579Z
03-ASK Method Masterclass	02-Segment/01-Lesson 1/03-05162017170710_askmm-2-1-3-v03a.mp3	12445887	2021-02-05T06:02:27.391Z
03-ASK Method Masterclass	02-Segment/01-Lesson 1/06-05162017131717_Resource 2.1.6  Bucketing Process Case Study - Orchids Made Easy.pdf	1320712	2021-02-04T22:45:54.963Z
03-ASK Method Masterclass	02-Segment/01-Lesson 1/04-05162017131806_Resource 2.1.4 5 Part Bucketing Process.pdf	64229	2021-02-04T22:10:15.160Z
03-ASK Method Masterclass	02-Segment/01-Lesson 1/03-05162017131516_Worksheet 2.1.3 Determine Your Bucket Framework.pdf	91048	2021-02-04T22:10:10.203Z
03-ASK Method Masterclass	02-Segment/01-Lesson 1/02-05162017131538_Worksheet 2.1.2 Determine Your Product Focus.pdf	96557	2021-02-04T22:10:00.614Z
03-ASK Method Masterclass	02-Segment/01-Lesson 1/04-05162017131834_Resource 2.1.4 5 Criteria for Effective Bucketing.pdf	101405	2021-02-04T22:09:55.256Z
03-ASK Method Masterclass	02-Segment/01-Lesson 1/05-05162017131741_Resource 2.1.5 Determine Your Bucket Approach - Lean vs Classic.pdf	103951	2021-02-04T22:09:46.203Z
03-ASK Method Masterclass	02-Segment/01-Lesson 1/07-08202018153907_Worksheet-2.1-MasterBucketCreationWorksheet-CLASSICAPPROACH (1).pdf	190991	2021-02-04T22:09:42.752Z
03-ASK Method Masterclass	02-Segment/01-Lesson 1/09-08202018153907_Worksheet-2.1-MasterBucketCreationWorksheet-CLASSICAPPROACH (1).pdf	190991	2021-02-04T22:09:37.397Z
03-ASK Method Masterclass	02-Segment/01-Lesson 1/05-08202018153907_Worksheet-2.1-MasterBucketCreationWorksheet-CLASSICAPPROACH (1).pdf	190992	2021-02-04T22:09:32.373Z
03-ASK Method Masterclass	02-Segment/01-Lesson 1/09-08202018153846_Worksheet-2.1-MasterBucketCreationWorksheet-LEANAPPROACH.pdf	203505	2021-02-04T22:09:29.752Z
03-ASK Method Masterclass	02-Segment/01-Lesson 1/07-08202018153846_Worksheet-2.1-MasterBucketCreationWorksheet-LEANAPPROACH.pdf	203505	2021-02-04T22:09:25.862Z
03-ASK Method Masterclass	02-Segment/01-Lesson 1/05-08202018153846_Worksheet-2.1-MasterBucketCreationWorksheet-LEANAPPROACH.pdf	203505	2021-02-04T22:09:23.373Z
03-ASK Method Masterclass	02-Segment/01-Lesson 1/08-05162017131654_Resource 2.1.8 Confirmation DDS.pdf	243501	2021-02-04T22:09:22.093Z
03-ASK Method Masterclass	02-Segment/04-Bonus/02-Session 2.mp4	250762860	2021-02-05T15:55:26.238Z
03-ASK Method Masterclass	02-Segment/04-Bonus/02-06022017204039_askmm-2-4-2-v02a.mp3	13236665	2021-02-05T15:50:35.086Z
03-ASK Method Masterclass	02-Segment/04-Bonus/03-Session 3.mp4	289283872	2021-02-05T15:05:32.279Z
03-ASK Method Masterclass	02-Segment/04-Bonus/01-Session 1.mp4	170696856	2021-02-05T15:00:53.692Z
03-ASK Method Masterclass	02-Segment/04-Bonus/01-06022017184558_askmm-2-4-1-v02a.mp3	12269090	2021-02-05T14:05:57.305Z
03-ASK Method Masterclass	02-Segment/04-Bonus/01-05302017205622_Resource 2.4.1 Branching and Skip Logic Examples.pdf	84920	2021-02-05T11:48:12.825Z
03-ASK Method Masterclass	02-Segment/04-Bonus/03-05302017205509_Resource 2.4.3 Pixel Segmentation Example.pdf	105353	2021-02-05T11:48:10.610Z
03-ASK Method Masterclass	02-Segment/04-Bonus/02-05302017205551_Resource 2.4.2 Multi-Question Outcome Mapping Example.pdf	108663	2021-02-05T11:48:07.363Z
03-ASK Method Masterclass	02-Segment/04-Bonus/By getwsodo.com.url	64	2021-02-05T11:46:29.003Z
03-ASK Method Masterclass	02-Segment/04-Bonus/By_getwsodo.com.url	64	2021-02-05T11:46:29.003Z
03-ASK Method Masterclass	02-Segment/04-Bonus/03-06302017173326_askmm-2-4-3-v02b.mp3	14745498	2021-02-05T10:06:30.943Z
03-ASK Method Masterclass	03-Launch/01-Lesson 1/03-Session 3.mp4	292258408	2026-07-01T22:51:14.862Z
03-ASK Method Masterclass	03-Launch/01-Lesson 1/01-Session 1.mp4	358772996	2026-07-01T22:51:04.843Z
03-ASK Method Masterclass	03-Launch/01-Lesson 1/04-Session 4.mp4	206483972	2021-02-05T15:54:34.237Z
03-ASK Method Masterclass	03-Launch/01-Lesson 1/02-Session 2.mp4	265276648	2021-02-05T15:46:47.481Z
03-ASK Method Masterclass	03-Launch/01-Lesson 1/05-Session 5.mp4	174533372	2021-02-05T15:41:17.508Z
03-ASK Method Masterclass	03-Launch/01-Lesson 1/05-06092017085425_--askmm-3-1-5-v01a.mp3	8726886	2021-02-05T13:21:42.758Z
03-ASK Method Masterclass	03-Launch/01-Lesson 1/04-06092017085307_--askmm-3-1-4-v02a.mp3	9575343	2021-02-05T13:20:22.658Z
03-ASK Method Masterclass	03-Launch/01-Lesson 1/03-06092017085032_--askmm-3-1-3-v01a.mp3	13150566	2021-02-05T11:29:28.321Z
03-ASK Method Masterclass	03-Launch/01-Lesson 1/02-06092017084941_--askmm-3-1-2-v01a.mp3	14656055	2021-02-05T09:58:45.661Z
03-ASK Method Masterclass	03-Launch/01-Lesson 1/01-06092017084833_--askmm-3-1-1-v01a.mp3	18489994	2021-02-05T09:57:36.627Z
03-ASK Method Masterclass	03-Launch/01-Lesson 1/01-06092017084630_Worksheet 3.1.1 Traffic Archery Target.pdf	55117	2021-02-04T21:48:06.741Z
03-ASK Method Masterclass	03-Launch/01-Lesson 1/02-06092017084705_Worksheet 3.1.2 Traffic Spectrum.pdf	55696	2021-02-04T21:47:57.348Z
03-ASK Method Masterclass	03-Launch/01-Lesson 1/01-06092017084501_Resource 3.1 Traffic Education Resources.pdf	71853	2021-02-04T21:47:49.046Z
03-ASK Method Masterclass	03-Launch/01-Lesson 1/03-06092017100903_Worksheet 3.1 Traffic Master Plan.pdf	152580	2021-02-04T21:47:43.376Z
03-ASK Method Masterclass	03-Launch/02-Lesson 2/05-Session 5.mp4	73709912	2026-07-01T22:51:52.979Z
03-ASK Method Masterclass	03-Launch/02-Lesson 2/01-Session 1.mp4	392410896	2026-07-01T22:51:51.844Z
03-ASK Method Masterclass	03-Launch/02-Lesson 2/07-Session 7.mp4	156207320	2026-07-01T22:51:47.527Z
03-ASK Method Masterclass	03-Launch/02-Lesson 2/03-Session 3.mp4	272848536	2026-07-01T22:51:43.329Z
03-ASK Method Masterclass	03-Launch/02-Lesson 2/02-Session 2.mp4	452883916	2026-07-01T22:51:40.354Z
03-ASK Method Masterclass	03-Launch/02-Lesson 2/06-Session 6.mp4	280548452	2026-07-01T22:51:34.437Z
03-ASK Method Masterclass	03-Launch/03-Lesson 3/04-Session 4.mp4	216131756	2026-07-01T22:51:30.069Z
03-ASK Method Masterclass	03-Launch/03-Lesson 3/01-Session 1.mp4	275426204	2026-07-01T22:51:26.852Z
03-ASK Method Masterclass	03-Launch/03-Lesson 3/03-Session 3.mp4	341903756	2026-07-01T22:51:23.432Z
03-ASK Method Masterclass	03-Launch/03-Lesson 3/02-Session 2.mp4	383683936	2026-07-01T22:51:19.484Z
03-ASK Method Masterclass	03-Launch/03-Lesson 3/02-06222017222735_Worksheet 3.3.2 The 5 Ways To Scale.pdf	52588	2021-02-05T15:47:44.149Z
03-ASK Method Masterclass	03-Launch/03-Lesson 3/01-06222017222652_Worksheet 3.3.1 The 4 Mindsets for Scale.pdf	94106	2021-02-05T15:47:36.096Z
03-ASK Method Masterclass	03-Launch/03-Lesson 3/03-06222017222842_Worksheet 3.3 Scaling Master Plan.pdf	147546	2021-02-05T15:47:35.654Z
03-ASK Method Masterclass	03-Launch/03-Lesson 3/02-06222017222842_Worksheet 3.3 Scaling Master Plan.pdf	147546	2021-02-05T15:47:35.112Z
03-ASK Method Masterclass	03-Launch/03-Lesson 3/04-06222017222341_askmm-3-3-4.mp3	10043457	2021-02-05T15:45:56.707Z
03-ASK Method Masterclass	03-Launch/02-Lesson 2/04-Session 4.mp4	52400488	2021-02-05T15:36:46.522Z
03-ASK Method Masterclass	03-Launch/02-Lesson 2/02-06182017111142_askmm-3-2-2.mp3	23779686	2021-02-05T13:24:38.693Z
03-ASK Method Masterclass	03-Launch/03-Lesson 3/02-06222017220829_askmm-3-3-2.mp3	20315640	2021-02-05T13:21:44.073Z
03-ASK Method Masterclass	03-Launch/02-Lesson 2/01-06182017095919_Resource 3.2 Optimization Resources.pdf	59183	2021-02-05T13:12:28.968Z
03-ASK Method Masterclass	03-Launch/02-Lesson 2/02-06182017100040_Resource 3.2.2 Traffic Benchmark Calculator.xlsx	62524	2021-02-05T13:12:25.184Z
03-ASK Method Masterclass	03-Launch/02-Lesson 2/04-06182017095636_Overview - Optimization.pdf	65147	2021-02-05T13:12:20.046Z
03-ASK Method Masterclass	03-Launch/02-Lesson 2/02-06182017100003_Resource 3.2.2 Traffic Benchmark Calculator Example.pdf	78734	2021-02-05T13:12:16.721Z
03-ASK Method Masterclass	03-Launch/02-Lesson 2/02-06182017100127_Worksheet 3.2.2 Benchmarks.pdf	86896	2021-02-05T13:12:11.007Z
03-ASK Method Masterclass	03-Launch/02-Lesson 2/03-06182017100221_Worksheet 3.2.3 Welcome Page Optimization.pdf	96456	2021-02-05T13:12:10.457Z
03-ASK Method Masterclass	03-Launch/02-Lesson 2/04-06182017100523_Worksheet 3.2.4 Segmentation Question Optimization.pdf	115712	2021-02-05T13:12:07.828Z
03-ASK Method Masterclass	03-Launch/02-Lesson 2/05-06182017100557_Worksheet 3.2.5 Lead Capture Page Optimization.pdf	115974	2021-02-05T13:12:06.708Z
03-ASK Method Masterclass	03-Launch/02-Lesson 2/07-06182017210626_askmm-3-2-7.mp3	8517906	2021-02-05T13:11:15.820Z
03-ASK Method Masterclass	03-Launch/02-Lesson 2/05-06182017111853_askmm-3-2-5.mp3	13281387	2021-02-05T12:11:37.015Z
03-ASK Method Masterclass	03-Launch/02-Lesson 2/04-06182017111757_askmm-3-2-4.mp3	15817145	2021-02-05T11:32:18.130Z
03-ASK Method Masterclass	03-Launch/02-Lesson 2/01-06182017110747_askmm-3-2-1_Optimization Mindset & Strategy.mp3	18363771	2021-02-05T10:33:28.898Z
03-ASK Method Masterclass	03-Launch/02-Lesson 2/03-06182017111606_askmm-3-2-3.mp3	13522132	2021-02-05T10:31:59.730Z
03-ASK Method Masterclass	03-Launch/02-Lesson 2/06-06182017210538_askmm-3-2-6.mp3	14623872	2021-02-05T05:41:12.035Z
03-ASK Method Masterclass	03-Launch/03-Lesson 3/03-06222017220943_askmm-3-3-3.mp3	16144825	2021-02-05T03:44:31.590Z
03-ASK Method Masterclass	03-Launch/03-Lesson 3/01-06222017220709_askmm-3-3-1.mp3	13838945	2021-02-05T02:05:31.321Z
03-ASK Method Masterclass	01-Discover/03-Lesson 3/08-Session 8.txt	9232	2026-01-21T22:30:54.119Z
03-ASK Method Masterclass	01-Discover/03-Lesson 3/08-05112017230533_askmm-1-3-8-v02a.txt	9237	2026-01-21T22:26:56.423Z
03-ASK Method Masterclass	01-Discover/02-Lesson 2/07-Session 7.txt	16119	2026-01-21T22:24:30.303Z
03-ASK Method Masterclass	01-Discover/03-Lesson 3/07-Session 7.txt	11030	2026-01-21T22:21:50.112Z
03-ASK Method Masterclass	01-Discover/03-Lesson 3/07-05112017230453_askmm-1-3-7-v02a.txt	11101	2026-01-21T22:12:42.362Z
03-ASK Method Masterclass	01-Discover/02-Lesson 2/07-04272017170517_audio-askmm-1-2-7-final.txt	16097	2026-01-21T22:11:29.233Z
03-ASK Method Masterclass	01-Discover/03-Lesson 3/06-Session 6.txt	16752	2026-01-21T22:03:12.352Z
03-ASK Method Masterclass	01-Discover/02-Lesson 2/06-Session 6.txt	10842	2026-01-21T21:57:15.580Z
03-ASK Method Masterclass	01-Discover/03-Lesson 3/06-05112017230421_askmm-1-3-6-v02a.txt	16734	2026-01-21T21:49:49.126Z
03-ASK Method Masterclass	01-Discover/02-Lesson 2/06-04272017170450_audio-askmm-1-2-6-final.txt	10865	2026-01-21T21:49:36.875Z
03-ASK Method Masterclass	01-Discover/02-Lesson 2/05-Session 5.txt	16697	2026-01-21T21:39:44.987Z
03-ASK Method Masterclass	01-Discover/03-Lesson 3/05-Session 5.txt	17076	2026-01-21T21:35:35.457Z
03-ASK Method Masterclass	01-Discover/02-Lesson 2/05-04272017164711_audio-askmm-1-2-5-final.txt	16624	2026-01-21T21:25:36.483Z
03-ASK Method Masterclass	01-Discover/03-Lesson 3/05-05112017230344_askmm-1-3-5-v02a.txt	17044	2026-01-21T21:21:32.830Z
03-ASK Method Masterclass	01-Discover/02-Lesson 2/04-Session 4.txt	16267	2026-01-21T21:12:08.135Z
03-ASK Method Masterclass	01-Discover/03-Lesson 3/04-Session 4.txt	12822	2026-01-21T21:09:14.475Z
03-ASK Method Masterclass	01-Discover/03-Lesson 3/04-05112017230259_askmm-1-3-4-v02a.txt	12792	2026-01-21T21:00:19.346Z
03-ASK Method Masterclass	01-Discover/02-Lesson 2/04-04272017164530_audio-askmm-1-2-4-final.txt	16263	2026-01-21T21:00:09.256Z
03-ASK Method Masterclass	01-Discover/03-Lesson 3/03-Session 3.txt	19269	2026-01-21T20:50:32.116Z
03-ASK Method Masterclass	01-Discover/02-Lesson 2/03-Session 3.txt	10475	2026-01-21T20:46:21.316Z
03-ASK Method Masterclass	01-Discover/02-Lesson 2/03-04272017164449_audio-askmm-1-2-3-final.txt	10465	2026-01-21T20:37:40.712Z
03-ASK Method Masterclass	01-Discover/03-Lesson 3/03-05112017230215_askmm-1-3-3-v02a.txt	19304	2026-01-21T20:35:07.356Z
03-ASK Method Masterclass	01-Discover/02-Lesson 2/02-Session 2.txt	14521	2026-01-21T20:30:07.981Z
03-ASK Method Masterclass	01-Discover/03-Lesson 3/02-Session 2.txt	17747	2026-01-21T20:20:49.983Z
03-ASK Method Masterclass	01-Discover/02-Lesson 2/02-04272017164413_audio-askmm-1-2-2-final.txt	14523	2026-01-21T20:19:36.844Z
03-ASK Method Masterclass	01-Discover/02-Lesson 2/01-Session 1.txt	17646	2026-01-21T20:09:02.031Z
03-ASK Method Masterclass	01-Discover/03-Lesson 3/02-05112017230107_askmm-1-3-2-v02a.txt	17764	2026-01-21T20:07:18.578Z
03-ASK Method Masterclass	01-Discover/02-Lesson 2/01-04272017153254_audio-askmm-1-2-1-final.txt	17637	2026-01-21T19:56:11.817Z
03-ASK Method Masterclass	01-Discover/03-Lesson 3/01-Session 1.txt	5977	2026-01-21T19:53:44.824Z
03-ASK Method Masterclass	01-Discover/03-Lesson 3/01-05102017233307_askmm-1-3-1-v02a.txt	5980	2026-01-21T19:48:59.726Z
03-ASK Method Masterclass	01-Discover/01-Lesson 1/09-Session 9.txt	14772	2026-01-21T18:37:07.385Z
03-ASK Method Masterclass	01-Discover/01-Lesson 1/09-04192017053728_askmm-1-1-9-final.txt	14789	2026-01-21T18:30:26.464Z
03-ASK Method Masterclass	01-Discover/01-Lesson 1/08-Session 8.txt	20964	2026-01-21T18:24:22.624Z
03-ASK Method Masterclass	01-Discover/01-Lesson 1/08-04192017053615_askmm-1-1-8-final.txt	20934	2026-01-21T18:16:24.088Z
03-ASK Method Masterclass	01-Discover/01-Lesson 1/07-Session 7.txt	18334	2026-01-21T18:08:13.473Z
03-ASK Method Masterclass	01-Discover/01-Lesson 1/07-04192017053433_askmm-1-1-7-final.txt	18328	2026-01-21T17:59:57.330Z
03-ASK Method Masterclass	01-Discover/01-Lesson 1/06-Session 6.txt	13441	2026-01-21T17:51:06.026Z
03-ASK Method Masterclass	01-Discover/01-Lesson 1/06-04192017053252_askmm-1-1-6-final-.txt	13463	2026-01-21T17:45:00.127Z
03-ASK Method Masterclass	01-Discover/01-Lesson 1/05-Session 5.txt	17725	2026-01-21T17:38:57.687Z
03-ASK Method Masterclass	01-Discover/01-Lesson 1/05-04192017053133_askmm-1-1-5-final-.txt	17739	2026-01-21T17:31:01.385Z
03-ASK Method Masterclass	01-Discover/01-Lesson 1/04-Session 4.txt	21785	2026-01-21T17:23:19.735Z
03-ASK Method Masterclass	01-Discover/01-Lesson 1/04-04192017052656_askmm-1-1-4-final.txt	21757	2026-01-21T17:14:09.580Z
03-ASK Method Masterclass	01-Discover/01-Lesson 1/03-Session 3.txt	20745	2026-01-21T17:05:20.398Z
03-ASK Method Masterclass	01-Discover/01-Lesson 1/03-06292017130223_askmm-1-1-3-v02b.txt	20843	2026-01-21T16:56:33.475Z
03-ASK Method Masterclass	01-Discover/01-Lesson 1/02-Session 2.txt	22216	2026-01-21T16:48:18.372Z
03-ASK Method Masterclass	01-Discover/01-Lesson 1/02-04192017052323_askmm-1-1-2-final.txt	22377	2026-01-21T16:39:36.899Z
03-ASK Method Masterclass	01-Discover/01-Lesson 1/01-Session 1.txt	19316	2026-01-21T16:30:47.992Z
03-ASK Method Masterclass	01-Discover/01-Lesson 1/01-04192017051937_askmm-1-1-1-finalb.txt	19429	2026-01-21T16:22:59.969Z
03-ASK Method Masterclass	01-Discover/Bonus/03-Session 3.mp4	218559964	2021-02-05T16:00:19.621Z
03-ASK Method Masterclass	01-Discover/01-Lesson 1/02-Session 2.mp4	409366428	2021-02-05T15:59:27.331Z
03-ASK Method Masterclass	01-Discover/01-Lesson 1/05-Session 5.mp4	312710552	2021-02-05T15:59:24.629Z
03-ASK Method Masterclass	01-Discover/01-Lesson 1/04-Session 4.mp4	398818124	2021-02-05T15:58:59.220Z
03-ASK Method Masterclass	01-Discover/02-Lesson 2/02-Session 2.mp4	286173036	2021-02-05T15:58:57.849Z
03-ASK Method Masterclass	01-Discover/01-Lesson 1/01-Session 1.mp4	362307584	2021-02-05T15:58:55.349Z
03-ASK Method Masterclass	01-Discover/01-Lesson 1/03-Session 3.mp4	329289332	2021-02-05T15:56:27.692Z
03-ASK Method Masterclass	01-Discover/03-Lesson 3/06-Session 6.mp4	206577032	2021-02-05T15:56:25.195Z
03-ASK Method Masterclass	01-Discover/Bonus/02-Session 2.mp4	287398044	2021-02-05T15:55:03.354Z
03-ASK Method Masterclass	01-Discover/02-Lesson 2/07-Session 7.mp4	333502224	2021-02-05T15:48:17.275Z
03-ASK Method Masterclass	01-Discover/03-Lesson 3/02-Session 2.mp4	321858068	2021-02-05T15:48:14.750Z
03-ASK Method Masterclass	01-Discover/02-Lesson 2/01-Session 1.mp4	357124236	2021-02-05T15:44:42.232Z
03-ASK Method Masterclass	01-Discover/01-Lesson 1/01-04192017054005_Overview - Create Your Deep Dive Survey.pdf	65060	2021-02-05T15:44:42.092Z
03-ASK Method Masterclass	01-Discover/01-Lesson 1/05-08092018092628_Worksheet 1.1.5 Your Product Demand Question.pdf	90105	2021-02-05T15:44:42.091Z
03-ASK Method Masterclass	01-Discover/01-Lesson 1/03-08092018143755_Worksheet 1.1.3 Determine Your SMIQ.pdf	97287	2021-02-05T15:44:42.091Z
03-ASK Method Masterclass	01-Discover/01-Lesson 1/02-04192017052339_Resource 1.1.2 Deep Dive Sandwich.pdf	71831	2021-02-05T15:44:42.091Z
03-ASK Method Masterclass	01-Discover/01-Lesson 1/08-04192017053639_Resource 1.1.8 Zone of Specificity.pdf	104676	2021-02-05T15:44:41.893Z
03-ASK Method Masterclass	01-Discover/01-Lesson 1/09-08092018092732_Worksheet 1.1.9 Master DDS Plan.pdf	97737	2021-02-05T15:44:41.893Z
03-ASK Method Masterclass	01-Discover/01-Lesson 1/01-04192017055351_Course Journey Overview - Module 1.pdf	108821	2021-02-05T15:44:41.892Z
03-ASK Method Masterclass	01-Discover/01-Lesson 1/04-08092018143907_Worksheet 1.1.4 Market Demographics Questions.pdf	125034	2021-02-05T15:44:41.005Z
03-ASK Method Masterclass	01-Discover/01-Lesson 1/03-04192017052529_Resource 1.1.3 SMIQ Examples.pdf	122613	2021-02-05T15:44:41.005Z
03-ASK Method Masterclass	01-Discover/01-Lesson 1/01-08092018092417_Worksheet 1.1.1 Deep Dive Why.pdf	151841	2021-02-05T15:44:41.004Z
03-ASK Method Masterclass	01-Discover/01-Lesson 1/06-08092018092642_Worksheet 1.1.6 Contact Information Question.pdf	127754	2021-02-05T15:44:41.004Z
03-ASK Method Masterclass	01-Discover/01-Lesson 1/04-04192017052735_Resource 1.1.4 Market Demographic Question Examples.pdf	169472	2021-02-05T15:44:40.158Z
03-ASK Method Masterclass	01-Discover/01-Lesson 1/06-Session 6.mp4	237869444	2021-02-05T15:44:39.505Z
03-ASK Method Masterclass	01-Discover/02-Lesson 2/05-Session 5.mp4	310662668	2021-02-05T15:44:38.422Z
03-ASK Method Masterclass	01-Discover/01-Lesson 1/07-04192017053504_Resource 1.1.7 Orchid DDS Example.pdf	523948	2021-02-05T15:44:18.731Z
03-ASK Method Masterclass	01-Discover/03-Lesson 3/01-Session 1.mp4	97668820	2021-02-05T15:41:47.174Z
03-ASK Method Masterclass	01-Discover/03-Lesson 3/05-Session 5.mp4	292686672	2021-02-05T15:40:15.611Z
03-ASK Method Masterclass	01-Discover/Bonus/01-Session 1.mp4	287398044	2021-02-05T15:39:50.758Z
03-ASK Method Masterclass	01-Discover/02-Lesson 2/06-Session 6.mp4	220596004	2021-02-05T15:36:37.052Z
03-ASK Method Masterclass	01-Discover/01-Lesson 1/09-Session 9.mp4	265404112	2021-02-05T15:34:59.898Z
03-ASK Method Masterclass	01-Discover/03-Lesson 3/04-Session 4.mp4	168654612	2021-02-05T15:30:26.381Z
03-ASK Method Masterclass	01-Discover/01-Lesson 1/08-Session 8.mp4	356738460	2021-02-05T15:25:36.803Z
03-ASK Method Masterclass	01-Discover/01-Lesson 1/01-04192017051937_askmm-1-1-1-finalb.mp3	17883118	2021-02-05T15:25:12.838Z
03-ASK Method Masterclass	01-Discover/03-Lesson 3/07-Session 7.mp4	202939044	2021-02-05T15:23:43.927Z
03-ASK Method Masterclass	01-Discover/02-Lesson 2/04-Session 4.mp4	265239612	2021-02-05T15:20:55.244Z
03-ASK Method Masterclass	01-Discover/02-Lesson 2/03-Session 3.mp4	225685916	2021-02-05T15:20:09.832Z
03-ASK Method Masterclass	01-Discover/03-Lesson 3/03-Session 3.mp4	323115976	2021-02-05T15:15:46.485Z
03-ASK Method Masterclass	01-Discover/03-Lesson 3/08-Session 8.mp4	180598816	2021-02-05T15:10:37.755Z
03-ASK Method Masterclass	01-Discover/01-Lesson 1/04-04192017052656_askmm-1-1-4-final.mp3	38798631	2021-02-05T15:05:27.047Z
03-ASK Method Masterclass	01-Discover/03-Lesson 3/07-05112017230453_askmm-1-3-7-v02a.mp3	10021305	2021-02-05T15:01:37.904Z
03-ASK Method Masterclass	01-Discover/03-Lesson 3/01-05102017233307_askmm-1-3-1-v02a.mp3	5615598	2021-02-05T15:01:32.839Z
03-ASK Method Masterclass	01-Discover/03-Lesson 3/04-05112017230259_askmm-1-3-4-v02a.mp3	11463265	2021-02-05T15:00:24.322Z
03-ASK Method Masterclass	01-Discover/03-Lesson 3/08-05112017230533_askmm-1-3-8-v02a.mp3	8631173	2021-02-05T15:00:21.560Z
03-ASK Method Masterclass	01-Discover/01-Lesson 1/09-04192017053741_Resource 1.1.9 Example DDSs.pdf	677880	2021-02-05T14:53:45.254Z
03-ASK Method Masterclass	01-Discover/02-Lesson 2/04-04272017164530_audio-askmm-1-2-4-final.mp3	14228065	2021-02-05T14:45:48.866Z
03-ASK Method Masterclass	01-Discover/03-Lesson 3/03-05112017230215_askmm-1-3-3-v02a.mp3	17617714	2021-02-05T14:31:03.644Z
03-ASK Method Masterclass	01-Discover/03-Lesson 3/06-05112017230421_askmm-1-3-6-v02a.mp3	14844972	2021-02-05T14:26:10.250Z
03-ASK Method Masterclass	01-Discover/03-Lesson 3/05-05112017230344_askmm-1-3-5-v02a.mp3	15316430	2021-02-05T14:24:23.596Z
03-ASK Method Masterclass	01-Discover/01-Lesson 1/07-Session 7.mp4	162046788	2021-02-05T14:10:18.190Z
03-ASK Method Masterclass	01-Discover/02-Lesson 2/05-04272017164711_audio-askmm-1-2-5-final.mp3	14241021	2021-02-05T13:48:47.196Z
03-ASK Method Masterclass	01-Discover/01-Lesson 1/06-04192017053252_askmm-1-1-6-final-.mp3	24148326	2021-02-05T13:43:01.236Z
03-ASK Method Masterclass	01-Discover/01-Lesson 1/09-04192017053728_askmm-1-1-9-final.mp3	27007167	2021-02-05T13:25:40.471Z
03-ASK Method Masterclass	01-Discover/01-Lesson 1/02-04192017052323_askmm-1-1-2-final.mp3	41048088	2021-02-05T13:18:24.515Z
03-ASK Method Masterclass	01-Discover/02-Lesson 2/01-04272017153254_audio-askmm-1-2-1-final.mp3	15726866	2021-02-05T13:04:16.013Z
03-ASK Method Masterclass	01-Discover/01-Lesson 1/05-04192017053133_askmm-1-1-5-final-.mp3	31934905	2021-02-05T13:04:13.689Z
03-ASK Method Masterclass	01-Discover/01-Lesson 1/03-06292017130223_askmm-1-1-3-v02b.mp3	18204110	2021-02-05T12:53:27.822Z
03-ASK Method Masterclass	01-Discover/02-Lesson 2/03-04272017164449_audio-askmm-1-2-3-final.mp3	10232375	2021-02-05T12:36:55.377Z
03-ASK Method Masterclass	01-Discover/02-Lesson 2/02-04272017164413_audio-askmm-1-2-2-final.mp3	13001772	2021-02-05T12:35:13.112Z
03-ASK Method Masterclass	01-Discover/Bonus/01-05052017110248_askmm-1-4-3-v02a.mp3	14480512	2021-02-05T11:06:36.910Z
03-ASK Method Masterclass	01-Discover/01-Lesson 1/07-04192017053433_askmm-1-1-7-final.mp3	32738223	2021-02-05T10:50:56.034Z
03-ASK Method Masterclass	01-Discover/01-Lesson 1/08-04192017053615_askmm-1-1-8-final.mp3	36862644	2021-02-05T10:33:41.169Z
03-ASK Method Masterclass	01-Discover/03-Lesson 3/02-05112017230107_askmm-1-3-2-v02a.mp3	16102612	2021-02-05T10:30:42.204Z
03-ASK Method Masterclass	01-Discover/Bonus/02-05052017110248_askmm-1-4-3-v02a.mp3	14480512	2021-02-05T10:18:25.972Z
03-ASK Method Masterclass	01-Discover/02-Lesson 2/02-04272017164429_Resource 1.2.2 Anatomy of Asking.pdf	74135	2021-02-05T09:12:35.549Z
03-ASK Method Masterclass	01-Discover/02-Lesson 2/03-04272017164500_Worksheet 1.2.3 What and How.pdf	96502	2021-02-05T09:12:34.256Z
03-ASK Method Masterclass	01-Discover/02-Lesson 2/01-04272017153731_Worksheet 1.2.1 Who and Where.pdf	108238	2021-02-05T09:12:32.035Z
03-ASK Method Masterclass	01-Discover/02-Lesson 2/07-04272017170538_Worksheet 1.2.7 Getting Responses Master Plan.pdf	132077	2021-02-05T09:12:23.179Z
03-ASK Method Masterclass	01-Discover/02-Lesson 2/01-04272017153646_Resource 1.2.1 Places To Find People To Take Your Deep Dive Survey.pdf	182908	2021-02-05T09:12:21.271Z
03-ASK Method Masterclass	01-Discover/02-Lesson 2/04-04272017164628_Resource 1.2.4 Classic Orchid DDS Invites.pdf	479515	2021-02-05T09:10:26.840Z
03-ASK Method Masterclass	01-Discover/02-Lesson 2/07-04272017170517_audio-askmm-1-2-7-final.mp3	14722510	2021-02-05T04:05:42.302Z
03-ASK Method Masterclass	01-Discover/03-Lesson 3/02-05122017054626_Worksheet 1.3.2 Organize Your Responses.pdf	96498	2021-02-05T02:22:48.134Z
03-ASK Method Masterclass	01-Discover/03-Lesson 3/04-05122017054751_Worksheet 1.3.4 Market Demographic Analysis.pdf	102294	2021-02-05T02:22:42.715Z
03-ASK Method Masterclass	01-Discover/03-Lesson 3/03-05122017054706_Worksheet 1.3.3 Language Analysis.pdf	105913	2021-02-05T02:22:37.546Z
03-ASK Method Masterclass	01-Discover/03-Lesson 3/05-05122017054832_Worksheet 1.3.5 Product Demand Analysis.pdf	134186	2021-02-05T02:22:29.079Z
03-ASK Method Masterclass	01-Discover/03-Lesson 3/06-05122017054931_Resource 1.3.6 Orchids Example - Analyze Your Responses.pdf	1029513	2021-02-05T02:22:26.403Z
03-ASK Method Masterclass	01-Discover/03-Lesson 3/By getwsodo.com.url	64	2021-02-05T02:21:22.833Z
03-ASK Method Masterclass	01-Discover/03-Lesson 3/By_getwsodo.com.url	64	2021-02-05T02:21:22.833Z
03-ASK Method Masterclass	01-Discover/02-Lesson 2/05-04272017170426_Resource 1.2.5 Lean Orchid DDS.pdf	704803	2021-02-04T23:33:46.741Z
03-ASK Method Masterclass	01-Discover/02-Lesson 2/06-04272017170450_audio-askmm-1-2-6-final.mp3	9608780	2021-02-04T23:32:05.183Z
03-ASK Method Masterclass	01-Discover/Bonus/03-05052017105839_Worksheet 1.4.3 Post Survey Call Debrief.pdf	83130	2021-02-04T23:21:33.637Z
03-ASK Method Masterclass	01-Discover/Bonus/03-05052017110310_askmm-1-4-4-v02a.mp3	10603941	2021-02-04T23:18:53.566Z
03-ASK Method Masterclass	01-Discover/Bonus/By_getwsodo.com.url	64	2021-02-04T23:18:53.564Z
03-ASK Method Masterclass	01-Discover/Bonus/By getwsodo.com.url	64	2021-02-04T23:18:53.564Z
03-ASK Method Masterclass	03-Launch/04-Bonus/02-06232017152018_askmm-3-4-2.mp3	12160003	2026-07-01T22:52:03.794Z
03-ASK Method Masterclass	03-Launch/04-Bonus/01-Session 1.mp4	356865360	2026-07-01T22:52:03.586Z
03-ASK Method Masterclass	03-Launch/04-Bonus/02-Session 2.mp4	235770612	2026-07-01T22:51:59.024Z
03-ASK Method Masterclass	03-Launch/04-Bonus/03-Session 3.mp4	277449648	2026-07-01T22:51:56.187Z
03-ASK Method Masterclass	03-Launch/04-Bonus/03-06232017152055_askmm-3-4-3.mp3	14372261	2021-02-05T15:27:21.706Z
03-ASK Method Masterclass	03-Launch/04-Bonus/01-06222017223052_Worksheet 3.4.1 The 3 Frameworks.pdf	64622	2021-02-05T10:56:58.106Z
03-ASK Method Masterclass	03-Launch/04-Bonus/01-06222017223218_Resource 3.4 Quizzes and Assessments Examples.pdf	7980447	2021-02-05T10:55:23.129Z
03-ASK Method Masterclass	03-Launch/04-Bonus/01-06232017151943_askmm-3-4-1.mp3	20745302	2021-02-05T08:30:25.528Z
05-Choose Your Market	01-Brainstorm/04- Module 1 Lesson 3 Business Idea Brainstorm from Ryan Levesque on Vimeo.md	12850	2026-07-29T10:14:10.873Z
05-Choose Your Market	01-Brainstorm/02-03 Module 1 Lesson 1 Brainstorm from Ryan Levesque on Vimeo.md	5969	2026-07-29T10:10:12.477Z
05-Choose Your Market	01-Brainstorm/03- Module 1 Lesson 2 Market Brainstorm from Ryan Levesque on Vimeo.md	8234	2026-07-29T10:08:20.535Z
05-Choose Your Market	01-Brainstorm/05- Module 1 Lesson 4 Toubleshooting and Next Steps from Ryan Levesque on Vimeo.md	3058	2026-07-29T10:05:45.224Z
05-Choose Your Market	01-Brainstorm/01-02 Module 1 Intro from Ryan Levesque on Vimeo.md	7021	2026-07-29T10:04:44.368Z
05-Choose Your Market	01-Brainstorm/04- Module 1 Lesson 3 Business Idea Brainstorm from Ryan Levesque on Vimeo.mp4	125138836	2021-02-05T16:01:09.272Z
05-Choose Your Market	01-Brainstorm/02-03 Module 1 Lesson 1 Brainstorm from Ryan Levesque on Vimeo.mp4	191749986	2021-02-05T15:41:39.492Z
05-Choose Your Market	01-Brainstorm/03- Module 1 Lesson 2 Market Brainstorm from Ryan Levesque on Vimeo.mp4	304720469	2021-02-05T15:41:20.140Z
05-Choose Your Market	01-Brainstorm/05- Module 1 Lesson 4 Toubleshooting and Next Steps from Ryan Levesque on Vimeo.mp4	104563550	2021-02-05T15:22:06.296Z
05-Choose Your Market	01-Brainstorm/01-02 Module 1 Intro from Ryan Levesque on Vimeo.mp4	54930225	2021-02-05T15:14:24.190Z
05-Choose Your Market	01-Brainstorm/04-07292018155548_CYM Keyword Business Idea Worksheet.pdf	49965	2021-02-05T01:45:27.089Z
05-Choose Your Market	01-Brainstorm/01-07312018093523_CYM Choose Your Market Journey.pdf	52232	2021-02-05T01:45:25.045Z
05-Choose Your Market	01-Brainstorm/04-07292018155606_CYM 101 Profitable Niche Ideas.pdf	63981	2021-02-05T01:45:23.197Z
05-Choose Your Market	01-Brainstorm/03-07292018171250_CYM Market Brainstorm Worksheet.pdf	101673	2021-02-05T01:45:20.416Z
05-Choose Your Market	01-Brainstorm/02-07292018152944_WORKSHEET - Model Brainstorm.pdf	448151	2021-02-05T01:45:17.221Z
05-Choose Your Market	02-Test/03- Module 2 Lesson 2 Test Market Size - Sweet Spot Test 1 from Ryan Levesque on Vimeo.md	34990	2026-07-29T11:05:38.600Z
05-Choose Your Market	02-Test/04- Module 2 Lesson 3 Test Market Competition - Sweet Spot Test 2 from Ryan Levesque on Vimeo.md	18058	2026-07-29T10:53:52.976Z
05-Choose Your Market	02-Test/01- Module 2 Intro from Ryan Levesque on Vimeo.md	734	2026-07-29T10:47:29.677Z
05-Choose Your Market	02-Test/05-11 Module 2 Lesson 4 Toubleshooting and Next Steps from Ryan Levesque on Vimeo.md	4475	2026-07-29T10:47:15.332Z
05-Choose Your Market	02-Test/02- Module 2 Lesson 1 Test Bullseye Keyword from Ryan Levesque on Vimeo.md	9982	2026-07-29T10:45:51.001Z
05-Choose Your Market	02-Test/03- Module 2 Lesson 2 Test Market Size - Sweet Spot Test 1 from Ryan Levesque on Vimeo.mp4	697450064	2021-02-05T15:58:48.128Z
05-Choose Your Market	02-Test/04- Module 2 Lesson 3 Test Market Competition - Sweet Spot Test 2 from Ryan Levesque on Vimeo.mp4	500334178	2021-02-05T15:51:58.153Z
05-Choose Your Market	02-Test/01- Module 2 Intro from Ryan Levesque on Vimeo.mp4	5180026	2021-02-05T15:42:23.016Z
05-Choose Your Market	02-Test/05-11 Module 2 Lesson 4 Toubleshooting and Next Steps from Ryan Levesque on Vimeo.mp4	154036412	2021-02-05T15:27:11.969Z
05-Choose Your Market	02-Test/02- Module 2 Lesson 1 Test Bullseye Keyword from Ryan Levesque on Vimeo.mp4	214309743	2021-02-05T14:57:57.237Z
05-Choose Your Market	02-Test/01- Test .pdf	56256	2021-02-04T21:57:48.792Z
05-Choose Your Market	02-Test/04-07292018163258_CYM Choosing Your Greenlight Market.pdf	90133	2021-02-04T21:57:48.593Z
05-Choose Your Market	02-Test/03-07292018163244_CYM Choosing Your Greenlight Market.pdf	90133	2021-02-04T21:57:48.166Z
05-Choose Your Market	02-Test/02-07292018161556_CYM Choosing Your Greenlight Market.pdf	90133	2021-02-04T21:57:47.937Z
05-Choose Your Market	03-Choose/01- Module 3 Intro from Ryan Levesque on Vimeo.md	12135	2026-07-29T11:47:50.107Z
05-Choose Your Market	03-Choose/03- Module 3 Lesson 2 Market Must Haves from Ryan Levesque on Vimeo.md	61908	2026-07-29T11:43:47.293Z
05-Choose Your Market	03-Choose/02- Module 3 Lesson 1 In, Up, Max from Ryan Levesque on Vimeo.md	22716	2026-07-29T11:21:03.987Z
05-Choose Your Market	03-Choose/05- Module 3 Lesson 4 Trouble shooting and Next Steps from Ryan Levesque on Vimeo.md	9931	2026-07-29T11:12:15.102Z
05-Choose Your Market	03-Choose/04- Module 3 Lesson 3 Choosing Your Market from Ryan Levesque on Vimeo.md	10414	2026-07-29T11:09:05.100Z
05-Choose Your Market	03-Choose/01- Module 3 Intro from Ryan Levesque on Vimeo.mp4	273655864	2021-02-05T16:01:09.272Z
05-Choose Your Market	03-Choose/03- Module 3 Lesson 2 Market Must Haves from Ryan Levesque on Vimeo.mp4	2092005831	2021-02-05T15:57:27.984Z
05-Choose Your Market	03-Choose/02- Module 3 Lesson 1 In, Up, Max from Ryan Levesque on Vimeo.mp4	119174870	2021-02-05T15:46:55.060Z
05-Choose Your Market	03-Choose/05- Module 3 Lesson 4 Trouble shooting and Next Steps from Ryan Levesque on Vimeo.mp4	343006363	2021-02-05T15:27:42.359Z
05-Choose Your Market	03-Choose/04- Module 3 Lesson 3 Choosing Your Market from Ryan Levesque on Vimeo.mp4	98757602	2021-02-05T15:26:20.276Z
05-Choose Your Market	03-Choose/01-Choose.pdf	53253	2021-02-05T10:07:41.511Z
05-Choose Your Market	03-Choose/02-07292018164929_CYM One Page Business Model - Blank.pdf	76222	2021-02-05T10:07:39.543Z
05-Choose Your Market	03-Choose/03-07292018170522_CYM Choosing Your Greenlight Market.pdf	90133	2021-02-05T10:07:36.476Z
05-Choose Your Market	03-Choose/02-07292018164948_CYM One Page Business Model - Complete.pdf	141845	2021-02-05T10:07:35.248Z
06-ASK Method Workshop	01-Session 1- Buckets, Buckets, Everywhere.txt	32810	2026-01-21T14:02:56.516Z
06-ASK Method Workshop	03-Session 3- Buckets, Buckets, and Beyond....mp4	364635400	2021-02-05T16:01:09.273Z
06-ASK Method Workshop	02-Session 2- How to Put People into Buckets.mp4	637116772	2021-02-05T15:50:56.251Z
06-ASK Method Workshop	01-Session 1- Buckets, Buckets, Everywhere.mp4	303565292	2021-02-05T15:34:52.375Z
06-ASK Method Workshop	03-05092017122815_TheASKMethodBlueprint.pdf	1397988	2021-02-05T10:50:24.092Z
06-ASK Method Workshop	02-05092017122915_TheASKMethodActionPlan.pdf	2368655	2021-02-05T10:50:20.410Z
06-ASK Method Workshop	01-05092017122850_TheASKMethodPhenomenon.pdf	2933358	2021-02-05T10:49:20.375Z
07-Bonus	11-Copywriting Secrets from the ASK Method Vault/01-Copywriting Secrets from the ASK Method Vault.txt	2412	2026-01-21T13:16:43.531Z
07-Bonus	11-Copywriting Secrets from the ASK Method Vault/04-How to Come Up with Your 60-Second Sales Hook (Kevin Rogers).mp4	424594559	2021-02-05T15:57:45.380Z
07-Bonus	11-Copywriting Secrets from the ASK Method Vault/06-Using ‘Aristotle’s Secret’ To Engineer A Funnel Message (Todd Brown).mp4	449644258	2021-02-05T15:54:58.429Z
07-Bonus	11-Copywriting Secrets from the ASK Method Vault/05-Short Copy Secrets (Kevin Rogers).mp4	203046165	2021-02-05T15:47:33.549Z
07-Bonus	11-Copywriting Secrets from the ASK Method Vault/02-17.5 Point Copywriting Checklist For Higher Sales Conversion (Adil Amarsi).mp4	301036546	2021-02-05T15:16:30.976Z
07-Bonus	11-Copywriting Secrets from the ASK Method Vault/01-Copywriting Secrets from the ASK Method Vault.mp4	85185261	2021-02-05T14:38:55.868Z
07-Bonus	11-Copywriting Secrets from the ASK Method Vault/03-A Chat With One Of The Top Legends Of Direct Response (Brian Kurtz).mp4	124427656	2021-02-05T14:36:29.240Z
07-Bonus	09-Ultimate Black Friday Bundle 2018/04-Big Ticket Sales Training- How to close sales for high end products and services.mp4	154582436	2021-02-05T15:13:50.993Z
07-Bonus	09-Ultimate Black Friday Bundle 2018/03-ASK Method + Launches - Big Money from Small Lists- How we generated $964k on a tiny list of 6,300 names.mp4	196524672	2021-02-05T15:08:24.018Z
07-Bonus	09-Ultimate Black Friday Bundle 2018/02-Recurring Revenue- How I went from ZERO to $25,000 per month in 18 months.mp4	200352540	2021-02-05T15:08:09.792Z
07-Bonus	09-Ultimate Black Friday Bundle 2018/05-BONUS+3+Scale+Your+Company.mp3	167025746	2021-02-05T14:55:42.219Z
07-Bonus	09-Ultimate Black Friday Bundle 2018/05-Million Dollar Scaling Model- How to go from 6 figures to 7 figures step-by-step.mp4	135155832	2021-02-05T14:31:49.134Z
07-Bonus	09-Ultimate Black Friday Bundle 2018/03-05-askmmc-launch-debrief-splittests.pdf	2976245	2021-02-05T11:49:26.474Z
07-Bonus	09-Ultimate Black Friday Bundle 2018/01-Black Friday Bundle Intro Video for LMS from Ryan Levesque on Vimeo.mp4	46370072	2021-02-05T11:48:17.900Z
07-Bonus	09-Ultimate Black Friday Bundle 2018/03-03-askmmc-launch-debrief-email-results.pdf	337500	2021-02-05T11:28:14.258Z
07-Bonus	09-Ultimate Black Friday Bundle 2018/05-BONUS+3+Scale+Your+Company.pdf	387584	2021-02-05T11:28:13.439Z
07-Bonus	09-Ultimate Black Friday Bundle 2018/03-04-askmmc-launch-debrief-fbads.pdf	981147	2021-02-05T11:28:10.638Z
07-Bonus	09-Ultimate Black Friday Bundle 2018/03-02-askmmc-launch-debrief-top-10-lessons.pdf	1815038	2021-02-05T11:28:10.070Z
07-Bonus	14-Rachel Miller Moolah FB Page Strategies 2019/01-Rachel Miller Moolah Facebook Page Strategies 2019.mp4	1105348	2021-02-05T00:50:17.655Z
07-Bonus	13-Coaching Affiliate Bootcamp Bonus/01-Coaching Affiliate Bootcamp Replay.mp4	1026104940	2021-02-05T16:00:53.810Z
07-Bonus	13-Coaching Affiliate Bootcamp Bonus/02-Affiliate Bootcamp Q&A Replay.mp4	664286532	2021-02-05T15:57:14.060Z
07-Bonus	12-Choose Book Bonuses/01-Mindset Secrets to Take You From Stuck to Success... FAST.mp4	990318200	2021-02-05T15:59:22.438Z
07-Bonus	12-Choose Book Bonuses/01-03292019050927_ASK Choose Screenshots Amazon.pdf	7825412	2021-02-05T15:37:45.449Z
07-Bonus	12-Choose Book Bonuses/01-03282019170407_ASK Choose Screenshots Google.pdf	10129895	2021-02-05T15:36:37.571Z
07-Bonus	12-Choose Book Bonuses/01-03282019090700_Choose Audiobook.mp3	261228431	2021-02-05T14:48:41.407Z
07-Bonus	12-Choose Book Bonuses/01-03282019093739_Choose Book Resource - Business Idea Brainstorm Worksheet.pdf	45815	2021-02-04T21:44:24.462Z
07-Bonus	12-Choose Book Bonuses/01-03282019093354_Choose Book Resource - Model Brainstorm Worksheet.pdf	69240	2021-02-04T21:44:21.681Z
07-Bonus	12-Choose Book Bonuses/01-03282019093638_Choose Book Resource - Market Brainstorm Worksheet.pdf	74264	2021-02-04T21:44:16.850Z
07-Bonus	12-Choose Book Bonuses/01-03282019093145_Choosee Book Resource - 25 Profitable Niche Ideas.pdf	78486	2021-02-04T21:44:15.323Z
07-Bonus	12-Choose Book Bonuses/01-03282019093831_Choose Book Resource - Choosing Your Greenlight Market Worksheet.pdf	96488	2021-02-04T21:44:07.363Z
07-Bonus	12-Choose Book Bonuses/01-03282019093548_Choose Book Resource - One Page Business Model Worksheet.pdf	142717	2021-02-04T21:44:03.323Z
07-Bonus	12-Choose Book Bonuses/01-03282019170723_ASK Choose Screenshots Search.pdf	366001	2021-02-04T21:44:01.789Z
07-Bonus	12-Choose Book Bonuses/01-03292019052107_ASK Choose Models.pdf	1006543	2021-02-04T21:44:00.705Z
07-Bonus	12-Choose Book Bonuses/01-03282019091117_Choose Audiobook Supplemental Material.pdf	4773378	2021-02-04T21:42:51.480Z
07-Bonus	08-No List No Problem/01-No List No Problem from Ryan Levesque on Vimeo.mp4	3056812874	2021-02-05T15:57:09.062Z
07-Bonus	10-Ryan's Top Business Lessons Learned/01-Ryan's Top Business Lessons Learned.mp4	90547998	2021-02-05T15:35:00.128Z
07-Bonus	10-Ryan's Top Business Lessons Learned/By getwsodo.com.url	64	2021-02-05T15:35:00.124Z
07-Bonus	10-Ryan's Top Business Lessons Learned/By_getwsodo.com.url	64	2021-02-05T15:35:00.124Z
07-Bonus	05-Facebook Ads Fast-Track Training/01-BONUS WEBINAR_ Internal Traffic Generation Strategy_2017-12-15 from Ryan Levesque on Vimeo.mp4	246474198	2021-02-05T16:00:32.047Z
07-Bonus	07-Million Dollar Launch Debrief/01-04-askmmc-launch-debrief-fbads.pdf	981146	2021-02-05T16:00:00.217Z
07-Bonus	07-Million Dollar Launch Debrief/01-02-askmmc-launch-debrief-top-10-lessons.pdf	1815038	2021-02-05T15:59:57.935Z
07-Bonus	01-ASK + PLF Open Cart Strategies/01- ASK + PLF Open Cart Strategies.mp4	848821504	2021-02-05T15:59:47.221Z
07-Bonus	07-Million Dollar Launch Debrief/01-05-askmmc-launch-debrief-splittests.pdf	2976245	2021-02-05T15:58:48.152Z
07-Bonus	03-Hot-Seat Coaching + Examples/01-Hot Seat Call with the Ask Coaching Team from Ryan Levesque on Vimeo.mp4	190560306	2021-02-05T15:58:00.440Z
07-Bonus	07-Million Dollar Launch Debrief/01- Million Dollar Launch Debrief 2.mp4	196524672	2021-02-05T15:52:58.132Z
07-Bonus	02-How to Create Your Product/01- Creating a World-Class Training Program Panel Discussion from Ryan Levesque on Vimeo.mp4	248339629	2021-02-05T15:52:23.698Z
07-Bonus	04-Peek Inside My Company + The 5 Big Rocks Behind Our 1,000% Growth/01- Peek Inside My Company + The “5 Big Rocks” .mp4	372644764	2021-02-05T15:44:20.200Z
07-Bonus	06-7 Figure Consulting Blueprint/01- 7 Figure Consulting Blueprint.mp4	194192532	2021-02-05T14:54:10.210Z
07-Bonus	07-Million Dollar Launch Debrief/01-03-askmmc-launch-debrief-email-results.pdf	337500	2021-02-05T12:49:56.444Z
07-Bonus	07-Million Dollar Launch Debrief/01- Million Dollar Launch Debrief.mp4	8712108	2021-02-05T12:17:05.563Z
07-Bonus	09-Ultimate Black Friday Bundle 2018/06-6-Step Traffic Map Training/01-6 Step Traffic Map - ASKLIVE 2018 from Ryan Levesque on Vimeo.mp4	227244639	2021-02-05T15:38:48.500Z
07-Bonus	10-Ryan's Top Business Lessons Learned/04-Ryan's Top 10 Business Lessons of 2017/01-Ryan's Top 10 Business Lessons of 2017.mp4	267061520	2021-02-05T15:50:30.503Z
07-Bonus	10-Ryan's Top Business Lessons Learned/05-Ryan's Top 10 Business Lessons of 2018/01-Ryan's Top 10 Business Lessons of 2018.mp4	414094628	2021-02-05T15:31:44.852Z
07-Bonus	10-Ryan's Top Business Lessons Learned/03-Ryan's Top 10 Business Lessons of 2016/01-Ryan's Top 10 Business Lessons of 2016.mp4	270430856	2021-02-05T15:56:57.350Z
07-Bonus	14-Rachel Miller Moolah FB Page Strategies 2019/05-Bonus #5- 5 Steps to a 6-Figure Business Mini-Course/02-Video 2- The In-Up-Max Model.mp4	1692735909	2021-02-05T16:01:09.306Z
07-Bonus	14-Rachel Miller Moolah FB Page Strategies 2019/05-Bonus #5- 5 Steps to a 6-Figure Business Mini-Course/04-Video 4- Ask.mp4	2008963989	2021-02-05T16:01:09.302Z
07-Bonus	14-Rachel Miller Moolah FB Page Strategies 2019/05-Bonus #5- 5 Steps to a 6-Figure Business Mini-Course/03-Video 3 Choose.mp4.mp4	2129801066	2021-02-05T16:01:09.298Z
07-Bonus	14-Rachel Miller Moolah FB Page Strategies 2019/02-Bonus #2-Email List Building Secrets/03-Video 3-Underground Case Studies Part 1.mp4	1116912797	2021-02-05T16:01:09.293Z
07-Bonus	14-Rachel Miller Moolah FB Page Strategies 2019/02-Bonus #2-Email List Building Secrets/01-Video 1-Quiz Funnel Secrets.mp4	2509290749	2021-02-05T16:01:09.291Z
07-Bonus	14-Rachel Miller Moolah FB Page Strategies 2019/02-Bonus #2-Email List Building Secrets/02-Video 2-The Ultimate Quiz Clinic.mp4	939698885	2021-02-05T16:00:03.149Z
07-Bonus	14-Rachel Miller Moolah FB Page Strategies 2019/01-Bonus #1-Innovative Techniques for Building Your List via Facebook/01-Bonus #1- Innovative Techniques for Building Your List via Facebook.mp4	453546804	2021-02-05T15:59:44.981Z
07-Bonus	14-Rachel Miller Moolah FB Page Strategies 2019/05-Bonus #5- 5 Steps to a 6-Figure Business Mini-Course/05-Video 5 Tell.mp4	1724708428	2021-02-05T15:57:53.560Z
07-Bonus	14-Rachel Miller Moolah FB Page Strategies 2019/02-Bonus #2-Email List Building Secrets/04-Video 4-Underground Case Studies Part 2.mp4	1071635836	2021-02-05T15:51:15.588Z
07-Bonus	14-Rachel Miller Moolah FB Page Strategies 2019/05-Bonus #5- 5 Steps to a 6-Figure Business Mini-Course/01-Video 1 Welcome.mp4.mp4	13795098	2021-02-05T15:45:56.160Z
07-Bonus	14-Rachel Miller Moolah FB Page Strategies 2019/03-Bonus #3-No List No Problem! With Rachel and Ryan + ASKLIVE! 2017 Panel/01-Bonus #3- No Lista No Problem! With Rachel and Ryan + ASKLIVE! 2017 Panel.mp4	346372328	2021-02-05T15:42:17.939Z
07-Bonus	14-Rachel Miller Moolah FB Page Strategies 2019/04-Bonus #4- My Top 10 Most Popular Posts For Building Engagement on FB/01-04262018112406_Facebook Group Engagement Guide_PDF_v4.pdf	3671398	2021-02-05T13:20:14.413Z
07-Bonus	14-Rachel Miller Moolah FB Page Strategies 2019/04-Bonus #4- My Top 10 Most Popular Posts For Building Engagement on FB/01-Rachel Miller Moolah Facebook Page Strategi.pdf	258294	2021-02-05T01:54:47.638Z
07-Bonus	14-Rachel Miller Moolah FB Page Strategies 2019/02-Bonus #2-Email List Building Secrets/04-06212018151532_Resource_Quizzes and Assessments Examples.pdf	7980447	2021-02-05T00:30:13.376Z
07-Bonus	14-Rachel Miller Moolah FB Page Strategies 2019/02-Bonus #2-Email List Building Secrets/04-06212018151333_Worksheet_The 3 Frameworks.pdf	64622	2021-02-04T23:51:02.538Z
07-Bonus	10-Ryan's Top Business Lessons Learned/02-Ryan's Top 10 Business Lessons of 2015/01-Ryan's Top 10 Business Lessons of 2015.mp4	193390148	2021-02-05T15:55:54.818Z
07-Bonus	10-Ryan's Top Business Lessons Learned/01-Ryan's Top 10 Business Lessons of 2014/01-Ryan's Top 10 Business Lessons of 2014.mp4	258390772	2021-02-05T15:43:38.153Z
07-Bonus	09-Ultimate Black Friday Bundle 2018/05-9-Part Funnel Matrix Strategy/01-07 Funnel Matrix from Ryan Levesque on Vimeo.mp4	3298021978	2021-02-05T16:01:09.281Z
07-Bonus	09-Ultimate Black Friday Bundle 2018/03-Advanced Persuasion Toolkit/01-Mindset Hacks to Take You From Stuck to Success... FAST.mp4	990318200	2021-02-05T15:58:03.986Z
07-Bonus	09-Ultimate Black Friday Bundle 2018/02-The One Page Business Model Training/01-The ASK Method® Company - Ultimate Black Friday Bundle 2018.mp4	584544076	2021-02-05T15:57:55.109Z
07-Bonus	09-Ultimate Black Friday Bundle 2018/04-ASK Method + List Building Blueprint/04-Video 4 – Monster Quiz Breakdowns.mp4	28609088	2021-02-05T15:54:56.975Z
07-Bonus	09-Ultimate Black Friday Bundle 2018/03-Advanced Persuasion Toolkit/01-The 7 advanced Psychological tricks I SECRETLY use to 5x response.mp4	277596288	2021-02-05T15:41:43.782Z
07-Bonus	09-Ultimate Black Friday Bundle 2018/01-How to Build a 6-Figure Online Business in Five Steps/01-06 Beyond the ASK Method from Ryan Levesque on Vimeo.mp4	214726500	2021-02-05T15:37:32.859Z
07-Bonus	09-Ultimate Black Friday Bundle 2018/04-ASK Method + List Building Blueprint/08-Video 8 – Building Your list – How to get started.mp4	9343412	2021-02-05T15:19:15.340Z
07-Bonus	09-Ultimate Black Friday Bundle 2018/04-ASK Method + List Building Blueprint/12-Video 12 – Landing Page Breakdown.mp4	54594824	2021-02-05T15:03:26.138Z
07-Bonus	09-Ultimate Black Friday Bundle 2018/04-ASK Method + List Building Blueprint/16-full-salesfunnel-swipe-file.zip	24575362	2021-02-05T14:34:34.414Z
07-Bonus	09-Ultimate Black Friday Bundle 2018/04-ASK Method + List Building Blueprint/11-Video 11 – Ad Breakdown.mp4	51706580	2021-02-05T14:22:34.251Z
07-Bonus	09-Ultimate Black Friday Bundle 2018/04-ASK Method + List Building Blueprint/15-Video 15 – Back-End Profit strategy.mp4	55020456	2021-02-05T14:14:17.374Z
07-Bonus	09-Ultimate Black Friday Bundle 2018/04-ASK Method + List Building Blueprint/09-Video 9 – Deep Dive Landing Page Breakdown.mp4	22018372	2021-02-05T13:11:14.958Z
07-Bonus	09-Ultimate Black Friday Bundle 2018/04-ASK Method + List Building Blueprint/07-Video 7 – How I Choose Markets to Enter.mp4	15933564	2021-02-05T13:04:56.509Z
07-Bonus	09-Ultimate Black Friday Bundle 2018/04-ASK Method + List Building Blueprint/16-AskMethodListBuildingBlueprintCustomizedEmailFollowupSwipeOrchidCare_v2.pdf	1224273	2021-02-05T11:59:18.856Z
07-Bonus	09-Ultimate Black Friday Bundle 2018/04-ASK Method + List Building Blueprint/02-Documents.zip	2634976	2021-02-05T11:57:40.290Z
07-Bonus	09-Ultimate Black Friday Bundle 2018/04-ASK Method + List Building Blueprint/16-Video 16 – Summary + Next Steps.mp4	39922740	2021-02-05T11:19:57.359Z
07-Bonus	09-Ultimate Black Friday Bundle 2018/05-9-Part Funnel Matrix Strategy/01-10122018103038_Funnel Matrix Funnels and Examples - Sept 18 Accelerator.pdf	4567753	2021-02-05T10:44:08.056Z
07-Bonus	09-Ultimate Black Friday Bundle 2018/04-ASK Method + List Building Blueprint/03-Video 3 – Psychology of the List Building Quiz.mp4	14094548	2021-02-05T10:29:35.275Z
07-Bonus	09-Ultimate Black Friday Bundle 2018/04-ASK Method + List Building Blueprint/05-Video 5 – Introducing the ASK Method.mp4	13100592	2021-02-05T09:09:19.764Z
07-Bonus	09-Ultimate Black Friday Bundle 2018/04-ASK Method + List Building Blueprint/14-Video 14 – Email Follow-up Breakdown.mp4	29546456	2021-02-05T05:52:05.862Z
07-Bonus	09-Ultimate Black Friday Bundle 2018/04-ASK Method + List Building Blueprint/10-Video 10 – Funnel Overview.mp4	23191868	2021-02-05T04:13:55.901Z
07-Bonus	09-Ultimate Black Friday Bundle 2018/04-ASK Method + List Building Blueprint/01-Video 1 – Intro.mp4	5733060	2021-02-05T04:02:48.399Z
07-Bonus	09-Ultimate Black Friday Bundle 2018/04-ASK Method + List Building Blueprint/02-Video 2 – “Mega Quiz” walk thru.mp4	6972732	2021-02-05T04:00:54.579Z
07-Bonus	09-Ultimate Black Friday Bundle 2018/04-ASK Method + List Building Blueprint/06-Video 6 – 6-Figure List-Building Walk-Thru.mp4	7667956	2021-02-05T03:43:32.295Z
